,title,published_date,views,likes,comments,month
0,"""CONOR McGREGOR es un B0RRACH0, no va a pelear por el T√çTULO"" Islam Makhachev",2022-03-11,73993,4555,538,Mar
1,El CUELLO de CONOR McGREGOR,2022-03-10,115793,6929,242,Mar
2,KHAMZAT CHIMAEV vs GILBERT BURNS OFICIAL!!!,2022-03-10,118305,7346,942,Mar
3,Esto es un DEPORTE???,2022-03-09,72404,2446,306,Mar
4,MAKHACHEV le pide 1 MILL√ìN al TACA√ëO DANA???,2022-03-09,97147,4871,457,Mar
5,Y si CONOR McGREGOR hubiera noqueado a FLOYD???,2022-03-08,89833,5573,448,Mar
6,Conor McGregor entre el T√çTULO y MAKHACHEV!,2022-03-08,116429,6021,734,Mar
7,Bryce Mitchell HUMILLA a Edson Barboza!!!,2022-03-07,74455,4427,348,Mar
8,Jorge Masvidal hace un NATE DIAZ ante Colby Covington!!!,2022-03-06,237765,9695,1207,Mar
9,Colby gan√≥ F√ÅCIL a Masvidal!,2022-03-06,100314,4997,538,Mar
10,MASVIDAL se tat√∫a a MARADONA!,2022-03-05,118423,5624,378,Mar
11,MASVIDAL se hace otra FOTO con ANO√âL! Ya perdi√≥!!!,2022-03-05,63862,3872,369,Mar
12,Los VIOLINES ARGENTINOS eran 6 ALIADES (HOMBRES D√âBILES),2022-03-05,96550,8184,867,Mar
13,Ca√≠n Vel√°squez est√° en GRANDES PROBLEMAS! #FreeCain???,2022-03-04,107913,6781,744,Mar
14,Colby Covington mete a la FAMILIA de MASVIDAL en el BEEF!,2022-03-04,90607,6588,820,Mar
15,Libertad de EXPRESI√ìN!,2022-03-03,34383,3478,484,Mar
16,BATMAN vs BANE es PUTIN vs OCCIDENTE,2022-03-03,61602,6319,829,Mar
17,El HULK IRAN√ç es HUMILLADO por MARTIN FORD!,2022-03-02,779725,20227,1622,Mar
18,Dmitry Bivol el HOMBRE para TUMBAR al CANELO!,2022-03-02,117281,7156,933,Mar
19,DEFENSA de CABEZA!!! üòé,2022-03-01,137942,8613,228,Mar
20,GANAMOS con estudios de G√âNERO e IGUALDAD!!!,2022-03-01,54553,4602,455,Mar
21,CONOR McGREGOR es MUUUUUY PEQUE√ëO en 185lbs!!! No Sue√±en!,2022-03-01,159231,8237,790,Mar
22,RIP Bostin Loyd. El CAMBIO F√çSICO m√°s BRUTAL de YT!,2022-02-28,98002,4698,300,Feb
23,La DECEPCI√ìN del CANELO!,2022-02-28,504761,28381,865,Feb
24,El KHABIB 2.0 APLASTA a GREEN!!!,2022-02-27,116725,7248,804,Feb
25,La DESPEDIDA de un SOLDADO!,2022-02-27,206506,16358,1137,Feb
26,Todos ABANDONAN a JON JONES!!!,2022-02-26,118182,7216,648,Feb
27,RIP Bostin Loyd!,2022-02-25,168321,9090,500,Feb
28,Colby es SUPER FAVORITO ante MASVIDAL en las APUESTAS!,2022-02-25,111463,6165,582,Feb
29,GREEN tiene una gran MENTALIDAD y todos TEMEN a MAKHACHEV!!!,2022-02-24,89810,5245,409,Feb
30,Este abdomen es REAL?,2022-02-23,386394,19833,700,Feb
31,Gan√≥ su categor√≠a SIN PIERNAS!!!,2022-02-23,61254,4104,171,Feb
32,La CHICA ANIM√â en la VIDA REAL!!! Yuan Herong,2022-02-23,118349,7823,616,Feb
33,"ATAQUE a CHIMAEV, USMAN y otros, por esta BOLSITA!",2022-02-22,139334,7057,489,Feb
34,5 COSTILLAS en un K0!,2022-02-21,191079,11362,325,Feb
35,El PATRIARCADO al MANDO!,2022-02-21,445637,25085,916,Feb
36,Adi√≥s Johnny Walker y PERDONA por el GAFE!!!,2022-02-21,177673,7243,562,Feb
37,El KHABIB 2.0 va a DESTRUIR a GREEN!!!,2022-02-20,102230,5735,687,Feb
38,Mike Tyson compr√≥ una BA√ëERA de 2 MILLONES!,2022-02-20,325671,14396,250,Feb
39,DON KING destruy√≥ a MIKE TYSON??? 400 MILLONES DESPERDICIADOS!!!,2022-02-20,70741,4771,339,Feb
40,El PEOR MAESTRO del MUNDO!!!,2022-02-19,82835,3889,204,Feb
41,El BRUTAL CAMBIO F√çSICO de DROSS,2022-02-19,194333,17938,887,Feb
42,Adama Traor√© NO PESA 72 KG ni en BROMA!,2022-02-18,446876,22731,764,Feb
43,Michael Chandler vs Tony Ferguson para UFC 274! LA PELEA QUE NO QUER√çA!!!,2022-02-18,120315,6274,864,Feb
44,La PELEA m√°s TONTA y SALVAJE en HISTORIA de las MMA!!!  Don Frye vs Yoshihiro Takayama (2002),2022-02-18,73464,5067,516,Feb
45,"Khamzat Chimaev dice que ""APLASTA a ISRAEL ADESANYA""",2022-02-17,132405,7667,1034,Feb
46,As√≠ HUMILL√ì Jorge Masvidal a Ben Askren,2022-02-17,93618,6095,339,Feb
47,Las LOCURAS de IBRA!!!,2022-02-16,302756,21348,529,Feb
48,ADESANYA firma un CONTRATAZO como legado de CONOR McGREGOR!!!,2022-02-16,137494,7041,427,Feb
49,El RESPETO de GGG al CANELO!!!,2022-02-15,465327,37161,1127,Feb
50,La VENGANZA de Zlatan Ibrahimoviƒá,2022-02-15,130102,8756,468,Feb
51,Un GORILA para ISRAEL ADESANYA!!!,2022-02-15,125837,6506,423,Feb
52,El chico SYNTHOL CONTRAATACA!,2022-02-14,52658,3003,222,Feb
53,Brutal K0 de TAI TUIVASA para DESTRUIR a Derrick Lewis!!!,2022-02-14,146304,7722,570,Feb
54,Si fuera Khamzat Chimaev lo SOMETE a IZZY???,2022-02-13,103410,6675,352,Feb
55,Izzy ROB√ì a Robert Whittaker???,2022-02-13,173267,9360,1172,Feb
56,Israel GANA pero TAI se roba el SHOW!!!,2022-02-13,113119,5466,642,Feb
57,JOE ROGAN a los 52!!!,2022-02-12,207811,12700,249,Feb
58,As√≠ HUMILL√ì Israel Adesanya a Derek Brunson por decirle FLACO!!!,2022-02-12,231860,8985,384,Feb
59,Israel Adesanya defiende a JOE ROGAN brutalmente!,2022-02-11,60155,3792,251,Feb
60,Los HOMBRES LLORAN y usan VESTIDO como BAD BUNNY!!!,2022-02-11,111254,10118,1026,Feb
61,Israel Adesanya est√° ABURRIDO!!! PELIGRO!,2022-02-10,136110,7551,789,Feb
62,En 2022 los hombres LLORAN y usan VESTIDO!!!,2022-02-09,405883,23522,1284,Feb
63,Joe Rogan VS CULTURA de la CANCELACI√ìN,2022-02-09,94817,6977,615,Feb
64,FRANCIS NAGANNOU se despide de la UFC!!!,2022-02-08,172210,8132,828,Feb
65,La GINECOMASTIA de Israel Adesanya!!!,2022-02-07,376615,12672,289,Feb
66,Sigue la GINECOMASTIA de Israel Adesanya!!!,2022-02-07,133996,6288,487,Feb
67,Big Ramy Vs Larry Wheels y no me lo creo!!!,2022-02-06,160139,8110,234,Feb
68,JAKE PAUL vs KHABIB!!! Qui√©n gana???,2022-02-06,327699,16666,611,Feb
69,CONOR McGREGOR es m√°s GRANDE que la UFC!!!,2022-02-06,137731,6885,702,Feb
70,Deportistas LLORONES o deportes FUERTES???,2022-02-05,132235,8683,584,Feb
71,Kamaru Usman VS Israel Adesanya por la PLATA!!!,2022-02-05,143860,7250,718,Feb
72,Strickland es un ID1OT4 muy DURO!!!,2022-02-04,313336,15605,206,Feb
73,CRISTIANO RONALDO en terapia de FR√çO!!!,2022-02-04,2171645,75814,995,Feb
74,La DESTRUCCI√ìN F√çSICA y PSICOL√ìGICA de PAULO COSTA,2022-02-04,134343,7261,502,Feb
75,Conor McGregor MOTIVACI√ìN!!!,2022-02-03,214024,9152,737,Feb
76,Jon Jones VS Stipe Miocic por el INTERINO???,2022-02-03,117149,6925,749,Feb
77,Conor McGregor es el PELEADOR de MMA m√°s exitoso de la HISTORIA!,2022-02-02,664330,35070,969,Feb
78,Conor McGregor NO CREO EN LOS LUNES!!!,2022-02-02,165386,12977,930,Feb
79,La MEJOR PELEA del 2023!!!,2022-02-01,124973,5229,290,Feb
80,Khabib AMENAZA a la UFC???,2022-02-01,125890,6880,554,Feb
81,El CANELO COMPRANDO sus PELEAS!!!,2022-01-31,2762621,106677,2586,Jan
82,La √∫ltima GUERRA del CUCUY!?,2022-01-31,122135,6930,728,Jan
83,Conor McGregor moviendo PESOS FALSOS???,2022-01-30,717083,24887,922,Jan
84,El SECRETO para vencer a ISRAEL ADESANYA!!!,2022-01-30,134180,7767,668,Jan
85,El MIEDO a las LOLAS!,2022-01-29,971389,39092,1041,Jan
86,KAMARU USMAN quiere el CINTUR√ìN de las 205 libras!!!,2022-01-29,142339,7474,880,Jan
87,El FRACASO del SUPERMAN F3M1N1STA!!!,2022-01-29,70473,7253,878,Jan
88,"Se llora para SEGUIR, no para LAMENTAR!",2022-01-28,177307,16603,222,Jan
89,Qu√© COMI√ì Figueiredo para GANAR 20 Lbs frente a BRANDON???,2022-01-28,115976,5504,462,Jan
90,Quiero mi IGUALDAD!,2022-01-27,647762,30502,1805,Jan
91,Colby Covington PREDICE el FINAL de CONOR McGREGOR,2022-01-27,141767,7627,704,Jan
92,Igualdad en ALTURA???,2022-01-26,974073,47186,2266,Jan
93,El d√≠a que BROCK LESNAR moli√≥ a MARK HUNT (DOPADO),2022-01-26,78145,4813,374,Jan
94,Figueiredo REBOT√ì 20 libras!!!,2022-01-25,526305,18166,332,Jan
95,El RENCOR de DANA WHITE con NGANNOU!!!,2022-01-25,181962,10133,988,Jan
96,Francis Ngannou no quiere pelear por 500 mil!!!,2022-01-24,297929,13403,637,Jan
97,Figueiredo le ROB√ì a BRANDON MORENO???,2022-01-24,223702,11365,1529,Jan
98,BESTIAL SLAM de Francis Ngannou!!!,2022-01-23,111798,6561,177,Jan
99,La EVOLUCI√ìN de FRANCIS NGANNOU para vencer a GANE!,2022-01-23,193071,12391,1511,Jan
100,El GRAN MENTIROSO no es Francis Ngannou!,2022-01-22,126109,6495,675,Jan
101,Francis Ngannou en la MEJOR FORMA de su CARRERA!,2022-01-22,134353,7506,721,Jan
102,JON JONES CAMPE√ìN de los PESADOS en 2022???,2022-01-21,143581,7232,764,Jan
103,MIKE TYSON vs JAKE PAUL por 50 MILLONES???,2022-01-21,137883,6282,567,Jan
104,NO ENTRENEN con LARRY WHEELS!!!,2022-01-20,334897,15151,427,Jan
105,Tristyn Lee y la M√çSERA VIDA al 4%,2022-01-20,299366,15380,860,Jan
106,La IGUALDAD se gana SUDANDO!,2022-01-19,279478,14472,421,Jan
107,Khamzat Chimaev puede APLASTAR a GILBERT BURNS???,2022-01-19,127378,6671,784,Jan
108,La CLASE del CANELO a Ryan Garc√≠a!,2022-01-18,2760721,109653,1713,Jan
109,NGANNOU va a noquear a CIRYL GANE???,2022-01-18,139623,7745,1280,Jan
110,Se MUEVE mejor que YO!!!,2022-01-17,1198079,57027,1072,Jan
111,"HENRRY CEJUDO usa la vieja confiable ""RAC1SMO""",2022-01-17,117981,6991,763,Jan
112,"Yo antes lo hac√≠a, pero....",2022-01-16,1015101,30103,993,Jan
113,KHAMZAT CHIMAEV ser√° el MEJOR de la HISTORIA???,2022-01-16,140443,6986,911,Jan
114,La CINTURA de MIKE TYSON!,2022-01-15,173216,9474,492,Jan
115,ENTRE NOSOTROS MISMOS!!! Lecci√≥n de vida!,2022-01-15,166590,12636,436,Jan
116,FRANCIS NGANNOU dobl√≥ la rodilla ante GANE!!!,2022-01-15,173925,7471,798,Jan
117,PERDI√ì 300 LIBRAS!!!,2022-01-14,301265,26157,471,Jan
118,Qu√© es SER un HOMBRE? 220 mil likes!!!,2022-01-14,174879,21697,1308,Jan
119,EL METACANELO!,2022-01-13,1195679,43855,536,Jan
120,MASVIDAL vs COLBY!!! El BEEF se resuelve en la JAULA!,2022-01-13,153073,7534,815,Jan
121,Puede JAKE PAUL vencer un TOP en UFC???,2022-01-12,132288,6545,874,Jan
122,Por qu√© JAKE PAUL no reta a SILVA???,2022-01-12,448488,21887,266,Jan
123,El RECHAZO de DANA WHITE a HENRY CEJUDO!,2022-01-12,126317,6304,486,Jan
124,BOXEANDO en CABINA TELEF√ìNICA!!!,2022-01-11,114672,5339,322,Jan
125,NOMBRES que hacen ESTRELLAS! GRACIAS CONOR!!!,2022-01-11,106983,5999,736,Jan
126,C√≥mo VENCER a tu HERMANO MAYOR!!!,2022-01-10,147169,8375,274,Jan
127,"Billie Eilish ""EL N0P0R DESTRUY√ì MI CEREBRO""",2022-01-10,256159,17222,1679,Jan
128,Qui√©n gan√≥ el BEEF entre DANA WHITE y JAKE PAUL???,2022-01-10,68510,4380,422,Jan
129,El peleador m√°s IDIOT4 de la UFC!!!,2022-01-09,185472,9235,646,Jan
130,JAKE PAUL se MUDA a las MMA!!!,2022-01-08,478658,19071,1100,Jan
131,EL GRAN PROBLEMA de PAULO COSTA!,2022-01-08,121383,5920,563,Jan
132,N0QU3AR a un COMPA√ëERO de SPARRING???,2022-01-07,118649,6102,266,Jan
133,El CUELLO de GODZILLA! Rubiel Mosquera (Neckzilla),2022-01-07,396289,14564,1255,Jan
134,NIEGAN a NATE vs POIRIER por McGREGOR???,2022-01-07,95974,5284,443,Jan
135,Qu√© es SER un HOMBRE???,2022-01-06,6332566,546763,19314,Jan
136,Adesanya SUBESTIMA a Robert Whittaker!!!,2022-01-06,153481,7744,666,Jan
137,Qui√©n gana entre el CANELO de hoy y el MAYWEATHER de ayer???,2022-01-05,688002,21155,2267,Jan
138,Francis Nagannou ALUCINA con FURY y WILDER!!!,2022-01-05,127340,6228,962,Jan
139,Cuida los NUDILLOS!,2022-01-04,541759,26680,662,Jan
140,El PEOR G0LPE que recibi√≥ Floyd Mayweather???,2022-01-04,730718,34423,2645,Jan
141,El d√≠a que DOS BESTIAS se ENFRENTARON! LESNAR vs OVEREEM!,2022-01-04,166773,7723,637,Jan
142,EL MAESTRO ENOJADO!!!,2022-01-03,432611,19748,931,Jan
143,"El GRAN PROBLEMA de Paddy Pimblett ""The Baddy""",2022-01-03,209131,8380,472,Jan
144,El ENGA√ëO de las BICICLETAS en McDonalds,2022-01-03,78728,5208,566,Jan
145,Todos tenemos un AMIGO que se cree CONOR McGREGOR!,2022-01-02,409084,16782,562,Jan
146,Jake Paul CAG4 a Dana White con una APUESTA!,2022-01-02,166708,7694,482,Jan
147,Se MUR10 3 VECES el falso maestro!!!,2022-01-01,389848,20437,514,Jan
148,A DANA se la SUDA Francis Ngannou!,2022-01-01,186199,8704,817,Jan
149,DESMOTIVACI√ìN de A√ëO VIEJO!,2022-01-01,39894,2564,112,Jan
150,"De 155 LBS a 200 LBS Paddy ""The Baddy"" Pimblett",2021-12-31,453939,16367,316,Dec
151,"Un VIEJO para Paddy ""The Baddy"" Pimblett",2021-12-31,162756,7431,541,Dec
152,Khabib VS Cristiano Ronaldo!!! Qui√©n gana???,2021-12-30,199409,9688,290,Dec
153,VELOCIDAD MATRIX!!!,2021-12-30,194820,10498,182,Dec
154,JAKE PAUL vs JULIO CESAR CH√ÅVEZ JR???,2021-12-30,104484,5135,623,Dec
155,Qu√© les parece los TRANSANIMALES?,2021-12-29,528192,34091,3300,Dec
156,Conor McGregor VS Tony Ferguson seg√∫n el ENTRENADOR de CONOR!,2021-12-29,140824,7700,785,Dec
157,DEBATE sobre (GORDOFOBIA) con @VilaDixit,2021-12-29,100942,4437,1487,Dec
158,CUIDADO con los maestro de R√ÅPIDO y FURIOSO!!!,2021-12-28,3575691,173047,1971,Dec
159,JAKE PAUL ofrece 5 millones. MASVIDAL PIDE 20!!!,2021-12-28,134936,6487,707,Dec
160,La MEDIOCRIDAD es MALA COMPA√ëERA!!!,2021-12-27,418476,18900,766,Dec
161,OFICIAL!!! KHABIB 2.0 vs Beneil Dariush!,2021-12-27,107201,5644,507,Dec
162,La RECUPERACI√ìN MILAGROSA de McGREGOR y las acusaciones de JOE ROGAN,2021-12-26,294102,14346,903,Dec
163,El CANELO en MATRIX!,2021-12-25,1894618,89235,1256,Dec
164,La CABEZA no se ENTRENA!!!,2021-12-25,640292,26089,786,Dec
165,Sergio Ramos!!! EL CARNICERO y su RECORD de EXPULSIONES!,2021-12-25,95515,4999,750,Dec
166,El CANELO a FULL en su Lamborghini,2021-12-24,443666,20545,1392,Dec
167,Te parece bien esto???,2021-12-24,990156,23797,1784,Dec
168,BOMBAZO!!! Oliveira quiere a CONOR McGREGOR para el UFC 274!!!,2021-12-24,179071,9219,1177,Dec
169,El LIVERKING y los VENDEH√öMOS,2021-12-23,124691,7483,517,Dec
170,"La MENTALIDAD del XOKAS ""Quiero ser el MEJOR y el m√°s FUERTE""",2021-12-23,234072,20446,815,Dec
171,Colby Covington vs Khamzat Chimaev en PLANES para UFC 271!!!,2021-12-22,117002,6036,758,Dec
172,"MARITHEA : ""SER MUJER NO ES UN M√âRITO""",2021-12-22,68192,6219,673,Dec
173,El REY del K0 en la UFC! La BESTIA NEGRA!!!,2021-12-21,109943,6556,356,Dec
174,Sean O'Malley #13 sin GANAR a NADIE!!!,2021-12-21,139582,6983,791,Dec
175,MASVIDAL le RESPONDE a Jake Paul,2021-12-20,162457,7405,636,Dec
176,Jake Paul DESTRUYE a Tyron Woodley!!!,2021-12-19,264625,11468,1207,Dec
177,LOCURA el K0 de JAKE PAUL!!!!,2021-12-19,121178,5537,647,Dec
178,Dustin Poirier VS Nate Diaz en ENERO! Una LOCURA!,2021-12-18,157545,6851,591,Dec
179,Jake Paul en la MEJOR FORMA de su CARRERA!,2021-12-18,149981,5729,476,Dec
180,Por qu√© POIRIER no hizo el SLAM de CHANDLER???,2021-12-17,311229,8522,928,Dec
181,McGREGOR y NATE tiran M13RD4 a POIRIER!!!,2021-12-16,107499,7040,1118,Dec
182,McGREGOR quiere PELEAR con OLIVEIRA!!! ü§£,2021-12-15,181966,9289,1112,Dec
183,Julianna Pe√±a DETIENE el MUNDO y SOMETE a Amanda Nunes!!!,2021-12-14,344814,9551,1703,Dec
184,Larry Wheels casi ROMPE a NOEL DEYZEL!!!,2021-12-14,105325,6598,348,Dec
185,La DESTRUCCI√ìN de Cody Garbrandt,2021-12-13,161950,7534,899,Dec
186,Sean O'Malley lo vuelve a HACER por K0!!!,2021-12-13,147245,7122,829,Dec
187,"Charles Oliveira le cierra el HOCICO a KHABIB, GAETHJE y a MI!!!",2021-12-12,736190,18681,2185,Dec
188,Charles Oliveira SOMETE a Dustin Poirier!!!!,2021-12-12,168404,7262,1019,Dec
189,"El ""PAYASO"" quiere GUERRA con Cody Garbrandt!!!",2021-12-11,129846,6382,557,Dec
190,Charles Oliveira se RINDE F√ÅCIL???,2021-12-10,142045,7305,1177,Dec
191,El BRUTAL CORTE de peso de Cody Garbrandt!!!,2021-12-10,84457,4928,409,Dec
192,CONOR McGREGOR sigue resentido con Khabib PERO...,2021-12-09,121648,7793,1743,Dec
193,FURY fuera y JAKE PAUL salvado por Tyron Woodley,2021-12-08,128327,5992,435,Dec
194,800 GOLES del BICHO!!! CRISTIANO RONALDO y a LLORAR a MATERNIDAD!,2021-12-07,84848,6530,1157,Dec
195,El MEJOR VIDEO de CONOR McGREGOR Si te r√≠es PIERDES,2021-12-07,114470,9230,667,Dec
196,Khamzat Chimaev y los GANGSTER de CART√ìN,2021-12-06,165700,8550,884,Dec
197,Jos√© Aldo me CIERRA el HOCICO!!!,2021-12-05,140361,8304,887,Dec
198,La INVOLUCI√ìN del HOMOIDIOT4,2021-12-05,212995,17049,1212,Dec
199,El TATUAJE no le FUNCIONO a Kevin Lee!!!,2021-12-04,102426,5642,515,Dec
200,El ROB√ìN de ORO para MESSI???,2021-12-03,137608,11056,2068,Dec
201,PIQU√â me da la RAZ√ìN,2021-12-02,94602,8102,699,Dec
202,Islam Makhachev vs Beneil Dariush GUERRA DE PISO!,2021-12-01,107590,5601,655,Dec
203,El TRISTE FINAL del HOMBRE que someti√≥ a BROCK LESNAR,2021-12-01,141644,6233,448,Dec
204,CONOR McGREGOR en 85kg,2021-11-30,557262,16198,1007,Nov
205,La BRONCA de Cristiano Ronaldo a sus COMPA√ëEROS!!!,2021-11-29,306173,20065,1539,Nov
206,Colby Covington RETA a KHAMZAT CHIMAEV!,2021-11-28,148433,7968,784,Nov
207,KAMARU USMAN muele a DUSTIN POIRIER!!!,2021-11-27,186331,8546,690,Nov
208,Entrena como el CANELO y no dejes que le pase esto a tus HIJOS!,2021-11-26,153767,11393,672,Nov
209,Lebron James hace un CRISTIANO RONALDO!,2021-11-26,97043,5847,443,Nov
210,Jake Paul NO quiere ANTIDOPING!!!,2021-11-25,119896,6452,428,Nov
211,C√≥mo VENCER a esos RUSOS LOCOS???,2021-11-24,191043,9855,1090,Nov
212,De AMIGOS a ENEMIGOS!!!,2021-11-24,106912,6060,429,Nov
213,KHAMZAT CHIMAEV HUMILLA a Jack Hermansson!!!,2021-11-23,153161,9718,930,Nov
214,El ODI0 a PIQU√â al cambiar BARCELONA por MADRID,2021-11-22,176790,9624,890,Nov
215,"Conor McGregor ""EL TALENTO NO EXISTE""",2021-11-21,277233,18959,1651,Nov
216,El CANELO vs GIGANTE!!!,2021-11-20,205049,13218,1882,Nov
217,La TESTOSTERONA ALTA te hace un MAL PADRE!!!,2021-11-19,93924,10034,894,Nov
218,"El nuevo BAKI ""NATURAL""",2021-11-19,143277,10980,1009,Nov
219,El mejor BOXEADOR de la UFC,2021-11-18,144945,7935,1214,Nov
220,Khabib tiene que parar de HABLAR M1ERD4 üí©,2021-11-17,181747,10526,1442,Nov
221,"XAVI, DANI ALVES y la cultura del VAGO MEDIOCRE!",2021-11-16,155994,10229,1137,Nov
222,Conor McGregor quiere el BMF de MASVIDAL???,2021-11-15,129580,7107,711,Nov
223,La PELEA del A√ëO!!!,2021-11-14,276200,14381,1729,Nov
224,Kali Muscle CASI se nos VA TAMBI√âN!!!,2021-11-13,646672,17467,1425,Nov
225,La PELEA m√°s CREATIVA del a√±o!!! Yair Rodriguez VS Max Holloway,2021-11-12,139440,6412,461,Nov
226,INCRE√çBLE!!! La pierna de CONOR McGREGOR parece estar al 100%???,2021-11-11,216278,13047,1027,Nov
227,CONOR McGREGOR quiere a Michael Chandler para su REGRESO!,2021-11-11,158248,8316,1146,Nov
228,El CANELO destruy√≥ a Caleb Plant! (RESUBIDO),2021-11-10,123918,6625,495,Nov
229,RIP Shawn Rhoden,2021-11-10,137851,8637,612,Nov
230,BRUTAL K0 de CHITO PERO....!,2021-11-09,168175,9410,698,Nov
231,Brutal DEBUT de ALEX PEREIRA!!! Tiembla IZZY?,2021-11-08,131859,7045,809,Nov
232,SE LOS DIJE!!! Pura V10L3NC14 entre Justin Gaethje y Michael Chandler!,2021-11-08,202371,10818,994,Nov
233,"CANELO, CANELO, CANELO!!!!!",2021-11-07,164932,9278,622,Nov
234,A las MUJERES no le gustan FUERTES!!!,2021-11-06,309281,21782,2353,Nov
235,UFC 268 la competencia del CANELO,2021-11-05,119841,7038,921,Nov
236,Caleb Plant NO ser√° un PASTEL para el CANELO,2021-11-05,133420,9232,1198,Nov
237,Khamzat Chimaev APLASTA a Nate D√≠az,2021-11-04,188571,8000,913,Nov
238,Por qu√© Khamzat Chimaev es un ANIMAL DIFERENTE?,2021-11-03,186137,9853,622,Nov
239,Vinicius NO tiene GOL!!! üòÖ,2021-11-03,88262,6654,631,Nov
240,Lleg√≥ cuando DANA ten√≠a pelos!!! CAMPE√ìN a los 42!!!,2021-11-02,105003,6224,440,Nov
241,El KHABIB 2.0 es REAL!!!,2021-11-01,172635,9935,1104,Nov
242,KHAMZAT CHIMAEV es un TALENTO GENERACIONAL,2021-10-31,216359,12325,1275,Oct
243,LOCURA!!!! Campe√≥n a los 42! Y Khamzat Chimaev es REAL!!!,2021-10-30,179686,5915,392,Oct
244,Ya viene la DERROTA de JAKE PAUL!!!,2021-10-30,236185,10082,783,Oct
245,PREDICCIONES del UFC 267 en VIVO!,2021-10-29,52339,2186,137,Oct
246,A Paulo Costa lo MUELEN en SEMIPESADOS!,2021-10-29,129107,6312,658,Oct
247,üíâFERGUSON acusa a CONOR McGREGOR de usar HGHüíâ,2021-10-28,233031,10009,695,Oct
248,CRISTIANO RONALDO es un MAL PERDEDOR!?,2021-10-27,129512,9273,1322,Oct
249,El LINDO vs el GRANDE!?,2021-10-26,689346,23534,1611,Oct
250,Mike Tyson VS Logan Paul! Que no se repita un HOLYFIELD!,2021-10-26,176076,9627,1189,Oct
251,PAULO COSTA sigue LLORANDO!!! Ahora estaba LESIONADO!,2021-10-25,130286,7398,749,Oct
252,Ni con TRAMPA COSTA pudo con VETTORI!!!,2021-10-24,267708,12175,926,Oct
253,ENORME Costa!!! Pero Vettori no es Hall!!!!!!!! GRAN COMBATE!!!!,2021-10-23,125263,6165,591,Oct
254,Paulo Costa va a PERDER???,2021-10-23,120808,6061,809,Oct
255,Brandon explica la DECADENCIA de McGREGOR!,2021-10-22,175922,12046,689,Oct
256,Paulo Costa GORDO y poco PROFESIONAL!,2021-10-21,221301,10731,1047,Oct
257,"El CANELO le responde a USMAN ""No s√© qui√©n es"" üòÖ",2021-10-20,361626,15473,1532,Oct
258,MARITHEA y el m√©rito vs FEMINISMO,2021-10-20,64722,7487,928,Oct
259,Ciclista TR4NS rompe r√©cords y dice NO tener VENTAJAS,2021-10-18,124123,10230,1333,Oct
260,Cu√°ndo le pas√≥ esto a YOEL ROMERO???,2021-10-17,441587,10426,683,Oct
261,Francis Ngannou gana 2.7 MILLONES y pide PRESTADO?,2021-10-17,122803,6316,1037,Oct
262,Jon Jones EXPULSADO del GYM por su ENTRENADOR,2021-10-16,133086,7469,687,Oct
263,V10L3NC1A asegurada!!! Justin Gaethje VS Michael Chandler,2021-10-15,125680,7421,770,Oct
264,El d√≠a que MASVIDAL le ense√±√≥ del RESPETO en la CALLE a Leon Edwards,2021-10-14,291759,10451,736,Oct
265,ZABIT vs ISLAM MAKHACHEV Pelea Real en Combat Sambo!!!,2021-10-14,91785,4732,359,Oct
266,Gustavo Balart el PEQUE√ëO GIGANTE de 1.50M,2021-10-13,173130,8224,787,Oct
267,El GIGANTE egipcio lo vuelva a HACER!!!,2021-10-12,129662,6477,737,Oct
268,RESPUESTA a Ibai y mi problema con el MENOR ESFUERZO!,2021-10-11,219705,19498,2266,Oct
269,BESTIAL FURY!!! WILDER TODO CORAZ√ìN!!!,2021-10-10,214729,11531,1154,Oct
270,FURY lo vuelve a HACER!!!,2021-10-10,105916,6108,672,Oct
271,Los ü•öü•ös de Dan Hooker VS Islam Makhachev!!!,2021-10-09,144241,7373,732,Oct
272,Erling Haaland no seas un MEDIOCRE +!,2021-10-09,144939,12200,971,Oct
273,BISPING si estaba CL√çNICAMENTE CIEGO y a LLORAR a MATERNIDAD,2021-10-08,93753,5466,343,Oct
274,RIP George Peterson justo antes del MR OLIMPIA!!!,2021-10-07,299886,15171,1053,Oct
275,RIP Justin Thornton peleador de BKFC y Dana White saca PROVECHO,2021-10-07,100748,6004,551,Oct
276,TYLER HERRO siempre te van a CRITICAR,2021-10-06,80222,5535,396,Oct
277,JORGE TABET Qu√© le FALT√ì para GANAR y llegar al OLIMPIA?,2021-10-06,180624,9430,567,Oct
278,La NOVIA cubana de MARADONA (16 A√±os),2021-10-05,101882,8383,1638,Oct
279,USMAN es el #1 y a LLORAR a MATERNIDAD!,2021-10-04,129216,7266,750,Oct
280,El ARTE hecho PELEADOR Zabit Magomedsharipov,2021-10-03,133908,7801,490,Oct
281,Conor WOLVERINE McGREGOR y la PIERNA de TITANIO,2021-10-02,217831,10334,932,Oct
282,No me CREO el HORARIO de SUE√ëO de CRISTIANO RONALDO!,2021-10-01,242177,13578,1167,Oct
283,El d√≠a que un ARQUERO HUMILL√ì al REAL MADRID!!!,2021-09-30,85042,5634,493,Sep
284,JON JONES al BORDE del ABISMO!!!,2021-09-30,123506,7351,1005,Sep
285,El nuevo MUTANTE del CULTURISMO NICK WALKER!!!,2021-09-29,1073737,25122,1750,Sep
286,¬®Estos PLUMA no entienden hasta que les PEGO¬® CONOR MCGREGOR,2021-09-28,284835,11601,954,Sep
287,USYK hace un MARACANAZO a ANTHONY JOSHUA!,2021-09-28,125109,5753,754,Sep
288,Nick D√≠az ya No es PELEADOR!,2021-09-27,201326,9725,1150,Sep
289,Volkanovski es COLOSSUS!!! Ortega todo CORAZ√ìN!,2021-09-26,160140,9879,918,Sep
290,Directa UFC 266,2021-09-26,130313,3244,127,Sep
291,JON JONES ARRESTADO NUEVAMENTE!!!,2021-09-25,155177,8559,834,Sep
292,Adesanya repite PLATO en ENERO!,2021-09-25,101406,6195,632,Sep
293,Por qu√© ERLING HALAAND es una BESTIA???,2021-09-24,240351,15748,1217,Sep
294,LARRATT vs THOR lo mejor fueron las ESCUPIDAS,2021-09-24,110795,4443,369,Sep
295,REGRESA el MEJOR de los D√çAZ!,2021-09-23,126761,7171,594,Sep
296,Qu√© pas√≥ con el NI√ëO GIGANTE de 2.30 Metros??? R√≥bert Bobr√≥czky,2021-09-22,511244,14868,1071,Sep
297,Yoel Romero NO sab√≠a que eran 3 ASALTOS!???,2021-09-21,172009,8026,934,Sep
298,Al chico SYNTHOL le EXPL0T4 el BICEPS en MMA!,2021-09-19,352942,13984,1077,Sep
299,TERRY CREWS en 4% de GRASA CORPORAL y la MENTIRA del AYUNO INTERMITENTE,2021-09-18,325776,13566,937,Sep
300,CULTURISTA vs peleador de BJJ T√âCNICA vs M√öSCULO!,2021-09-18,217284,8426,592,Sep
301,JAKE PAUL quiere a JORGE MASVIDAL!,2021-09-17,119291,5985,627,Sep
302,ANGEL 7 REAL es NATURAL???,2021-09-17,95068,6870,793,Sep
303,Debuta un TRANS EX soldado en MMA!,2021-09-16,211779,13372,2028,Sep
304,"CRISTIANO RONALDO vendi√≥ m√°s que MESSI, LEBRON y BRADY!!!",2021-09-15,81494,6213,948,Sep
305,Directo para los CONORGRUPI!,2021-09-14,33240,1840,235,Sep
306,McGREGOR vs Machine Gun Kelly. Conor lo vuelve a HACER!!!,2021-09-14,218848,10461,1641,Sep
307,Paulo Costa vs. Marvin Vettori es OFICIAL!,2021-09-13,99147,5695,691,Sep
308,El BICHO debut√≥ con 2 y a llorar a MATERNIDAD!,2021-09-13,102271,9398,1247,Sep
309,SENT√ç pena por HOLYFIELD! üò¢,2021-09-12,165308,9439,1617,Sep
310,Vitor DESTRUYO a Holyfield y Silva a Tito!!! 30 MILLONES para Jake Paul!!!,2021-09-12,85150,4047,530,Sep
311,El BEEF entre Sean O'Malley y Paddy Pimblett! PUEDEN PELEAR???,2021-09-11,258140,8315,802,Sep
312,"Green Fits Explica de Donde Nace el ""Paulo Costa es Lindo"" @Lichald Scott MMA",2021-09-10,43791,4092,333,Sep
313,PIERDEN por GORDOS???,2021-09-10,100969,5450,577,Sep
314,"El NUEVO CONOR McGREGOR es Paddy Pimblett (""The Baddy"")",2021-09-08,322301,10829,1347,Sep
315,Alex Pereira ROB√ì a ADESANYA???,2021-09-08,133707,5736,756,Sep
316,ESC√ÅNDALO!!! DOPAJE del TEAM CANELO!,2021-09-07,183268,10232,1334,Sep
317,El TERROR de ADESANYA llega a la UFC!!!,2021-09-06,527752,11591,1103,Sep
318,Fue una ESTUPIDEZ retar al CANELO!,2021-09-04,251678,11616,1158,Sep
319,McGREGOR RETA a  NATE D√çAZ!!! Esto si tiene SENTIDO!!!,2021-09-04,124800,7196,669,Sep
320,üòÇTIKTOK RID√çCULOüòÇ,2021-09-03,150055,17625,2807,Sep
321,Kylian Mbapp√© preso en el PSG y QATAR compra el FUTBOL!,2021-09-02,95116,7139,1269,Sep
322,"CHITO VERA tiene que MOLER a ""Frankie"" Edgar!!!",2021-09-02,87469,5430,484,Sep
323,Georges St-Pierre us√≥ ESTER0IDES???,2021-09-01,127220,6207,658,Sep
324,Qu√© sigue para JAKE PAUL??? A McGREGOR no le INTERESA!!!,2021-08-31,124489,6070,711,Aug
325,La REVANCHA ser√° en BOXEO!!!,2021-08-31,83766,4003,538,Aug
326,JAKE PAUL gan√≥ y TYRON estuvo DORMIDO,2021-08-30,247808,10020,1169,Aug
327,Conor McGregor mueve MANCUERNAS de 80 Lbs en plena RECUPERACI√ìN!!!,2021-08-30,512041,13587,1094,Aug
328,JAKE PAUL GANA PERO.....,2021-08-30,150907,6526,585,Aug
329,KHABIB VS las CHICAS de la UFC!!!,2021-08-29,236031,12269,3158,Aug
330,JAKE PAUL va a PERDER!!!,2021-08-28,172334,8920,1065,Aug
331,BOMBA!!! RONALDO al Manchester United!!!,2021-08-27,134176,10879,1313,Aug
332,POIRIER quiere pelear con USMAN! RIP POIRIER!!!,2021-08-27,153818,7601,1181,Aug
333,El BRUTAL CAMBIO de Vinicius JR siguiendo los pasos de CRISTIANO RONALDO!!!,2021-08-26,1081053,13686,801,Aug
334,R√ÅPIDO y FURIOSOS 9 es BASURA INCRE√çBLE!!!,2021-08-26,125399,11449,2808,Aug
335,MASVIDAL predice un K0 para JAKE PAUL!!!,2021-08-25,125149,6696,588,Aug
336,KHABIB est√° HABLANDO DEMASIADO!!!,2021-08-24,164191,9167,1627,Aug
337,CANCELARON a ARNOLD! ESTO es INACEPTABLE!,2021-08-24,113645,6994,1861,Aug
338,Ugas RETIRA a Manny Pacquiao!,2021-08-23,131585,6993,903,Aug
339,McGREGOR intenta HUMILLAR a las LEYENDAS???,2021-08-22,102931,5830,871,Aug
340,El nuevo JUGUETE ROTO del CANELO???,2021-08-21,265346,9401,1543,Aug
341,La REENCARNACI√ìN de RONDA ROUSEY!!!,2021-08-21,103334,5894,912,Aug
342,Sean O'Malley quiere ser McGREGOR sin GANAR a NADIE!,2021-08-20,205594,8162,877,Aug
343,La ROCA revela el PROBLEMA de su ABDOMEN y NO le CREO!,2021-08-19,396773,17228,1042,Aug
344,Jos√© Aldo QUIERE JUGAR con la SERPIENTE üêç,2021-08-18,88122,5030,440,Aug
345,Si MESSI fuera CUBANO le pagar√≠an con ESTO!,2021-08-18,84288,9073,1178,Aug
346,PAULO COSTA vuelve a CULPAR al VINO!,2021-08-17,136804,7164,622,Aug
347,POIRIER es DURO y OLIVEIRA un COBARDE!,2021-08-16,388207,11277,1330,Aug
348,üòÇ MESSI no es RENTABLE! üòÇ,2021-08-15,394731,20285,2614,Aug
349,La REALIDAD TRANS. Respuesta a La gata de Schr√∂dinger,2021-08-14,289614,24027,2244,Aug
350,Anderson Silva y Tito Ortiz en BOX. Lo van a MOLER a TITO!,2021-08-13,69279,3975,366,Aug
351,"MESSI al PSG, se ROMPE el Futbol???",2021-08-12,151082,10036,1490,Aug
352,Cuando el BOXEO falla en MMA!!!,2021-08-11,108205,5853,550,Aug
353,La EVOLUCI√ìN de la MMA,2021-08-10,138768,8631,665,Aug
354,Le dicen DELINCUENTE a MESSI en plena TV ESPA√ëOLA!!!,2021-08-09,370873,26982,4829,Aug
355,KHABIB responde y CONOR CONTRAATACA!!!,2021-08-08,141276,7686,1214,Aug
356,PODER vs T√âCNICA. Qui√©n GANA?,2021-08-07,104465,6160,720,Aug
357,Qui√©n PIERDE con la SALIDA de MESSI???,2021-08-06,271600,15996,2223,Aug
358,ViToRT Belfort vs √ìscar de la COCA! En BOX!!!,2021-08-06,102826,4696,594,Aug
359,NEYMAR GORDO es un RONALDINHO sin CARI√ëO,2021-08-05,182773,10907,1174,Aug
360,NATE D√çAZ siempre GANA en una PELEA INFINITA?,2021-08-05,83407,5032,585,Aug
361,El CANELO le muestra como se HACE a BRANDON MORENO,2021-08-04,300084,16496,802,Aug
362,MOURINHO y el NI√ëO de las PELOTAS,2021-08-04,85060,7513,536,Aug
363,USMAN cree que le GANA al CANELO en BOX!,2021-08-03,164643,10884,1825,Aug
364,EDDIE HALL se rompe el Biceps BOXEANDO!!!,2021-08-02,663849,6152,545,Aug
365,La ROCA en su MEJOR FORMA a sus casi 50!,2021-08-01,210171,13411,927,Aug
366,La UFC DESPRECIA a STIPE MIOCIC,2021-07-31,120924,7179,776,Jul
367,JUSTIN GAETHJE NO le tiene MIEDO a CHANDLER!,2021-07-31,116940,6639,771,Jul
368,McGREGOR se BURLA del PADRE de KHABIB!!!,2021-07-30,170164,9439,1679,Jul
369,LOGAN PAUL vs ANDERSON SILVA! Esto NO me lo esperaba!!!,2021-07-28,216828,10338,947,Jul
370,JO LINDNER. Otra ROTURA de BICEPS!,2021-07-28,116444,6063,464,Jul
371,CONOR McGREGOR tiene ARTRITIS CR√ìNICA! Est√° ACABADO???,2021-07-27,267159,11832,1367,Jul
372,El ROBO de la SERPIENTE???,2021-07-26,149916,8472,1109,Jul
373,KHABIB se cree MEJOR que JON JONES?,2021-07-25,191006,10211,2585,Jul
374,"CRISTIANO RONALDO, solo ARROZ, POLLO y BR√ìCOLI???",2021-07-24,263905,15008,1220,Jul
375,Regresa la SERPIENTE DOPADA!!!,2021-07-23,149334,7120,793,Jul
376,MAKHACHEV APLASTA y KHABIB sigue INVICTO!,2021-07-22,131047,7296,789,Jul
377,Todos ODIAN a McGREGOR ahora!,2021-07-21,284929,12425,2010,Jul
378,JAKE PAUL se COME a Tyron Woodley‚Äã en el TRASH TALK,2021-07-20,178104,8145,861,Jul
379,NO TE TAT√öES. Respuesta a ROMA GALLARDO,2021-07-18,486032,33237,3178,Jul
380,El KHABIB 2.0 ser√° CAMPE√ìN???,2021-07-17,183743,8690,1035,Jul
381,MAESTRO Muay Thai VS CALLEJERO,2021-07-16,350449,19949,1465,Jul
382,MAND√çBULA de HGH en HOLLYWOOD,2021-07-16,275255,11498,790,Jul
383,CONOR McGREGOR y la pierna de TITANIO!!!,2021-07-15,185735,9869,1554,Jul
384,DUSTIN POIRIER moli√≥ a CONOR McGREGOR en el PISO y ARRIBA!!!,2021-07-13,209892,10206,2070,Jul
385,C√≥mo se QUEBRO CONOR McGREGOR??? NO fue un CHECK!,2021-07-12,405413,17821,2922,Jul
386,POIRIER VS MCGREGOR 3 Mi reacci√≥n en VIVO,2021-07-11,316685,17219,1660,Jul
387,Poirier vs McGregor 3 FINAL ANTICLIM√ÅTICO,2021-07-11,258131,9088,1261,Jul
388,CONOR RECUPERADO y la COPIA de ALIEXPRESS de Sean O'Malley,2021-07-10,115507,5883,624,Jul
389,"El DIBU Mart√≠nez se COMI√ì a Colombia! ‚öΩ ""MIR√Å QUE TE COMO, HERMANO""",2021-07-10,122108,9287,1474,Jul
390,CONOR quiere QUEBRAR a DUSTIN POIRIER usando a su MUJER,2021-07-09,199840,9988,1749,Jul
391,Conor McGregor VS Dustin Poirier 3 || UFC 264 PREDICCIONES,2021-07-09,147134,8175,1265,Jul
392,Esto son ARTES MARCIALES MIXTAS CONOR McGREGOR,2021-07-08,147800,8447,1281,Jul
393,La GUARDIA de CONOR realmente IMPORTA???,2021-07-07,187681,8516,850,Jul
394,CHOQUE de ESTILOS. Derrick Lewis vs Ciryl Gane!,2021-07-06,74859,4107,457,Jul
395,HECTOR LOMBARD y los CONOR McGREGOR de CART√ìN,2021-07-06,114374,5314,470,Jul
396,Floyd Mayweather salv√≥ la VICTORIA de GERVONTA DAVIS???,2021-07-05,253404,7974,565,Jul
397,CONOR vs POIRIER y la predicci√≥n de KHABIB,2021-07-04,224320,10511,897,Jul
398,PRIMER atleta TRANS en las OLIMPIADAS,2021-07-03,356789,24610,5103,Jul
399,Dana White quiere J0D3R a Francis Ngannou,2021-07-02,159229,9175,899,Jul
400,Israel Adesanya hace un CHUTY a Robert Whittaker,2021-07-01,128385,6844,774,Jul
401,Por qu√© los HERMANOS PAUL le TEMEN a Anderson Silva???,2021-06-30,138585,6538,554,Jun
402,GANE no GANA a NGANNOU!!!,2021-06-29,188380,7641,848,Jun
403,Dustin ten√≠a que GANAR por K0 a Conor McGregor por DINERO!,2021-06-28,154577,7349,641,Jun
404,LOMA es el MAESTRO!!! Una CLASE de BOX a Nakatani,2021-06-28,87710,4353,711,Jun
405,El PODER BRUTAL de Gervonta Davis!,2021-06-27,143833,6582,887,Jun
406,Chito Vera los CODOS son ESPADAS,2021-06-27,153857,7706,547,Jun
407,Francis Ngannou sali√≥ de una MINA || Desmotivaci√≥n para PROGRES,2021-06-26,167092,12678,1432,Jun
408,La primera DERROTA de KHABIB a los 17 a√±os!!! REACCI√ìN,2021-06-25,78544,4708,641,Jun
409,LARRY WHEELS ACUSADO de usar PESOS FALSOS!!!,2021-06-25,85081,5052,334,Jun
410,Los CORTES de PESO est√°n ROMPIENDO a los BRASILEROS,2021-06-24,162197,7473,730,Jun
411,Muay Thai VS Taekwondo REACCI√ìN!!!,2021-06-23,174332,11473,1536,Jun
412,La PEOR FORMA de WILL SMITH y la G0RD0F0B14,2021-06-23,197238,14655,1105,Jun
413,Conor McGregor y las FIESTAS antes de las PELEAS,2021-06-22,187252,8935,852,Jun
414,Paulo Costa NO PELEA por TRANSPLANTE CAPILAR!?,2021-06-21,764991,9112,1056,Jun
415,C√≥mo Giannis Antetokounmpo y Kevin Durant PESAN lo MISMO???,2021-06-21,189661,9556,580,Jun
416,"ANDERSON SILVA HUMILLA a Julio C√©sar Ch√°vez, Jr  y al BOXEO",2021-06-20,550511,19034,2690,Jun
417,Tyson Fury vs. Deontay Wilder III CR√ìNICA de una DERROTA ANUNCIADA,2021-06-20,242733,8416,896,Jun
418,CRISTIANO RONALDO hace PERDER MILES DE MILLONES a COCA COLA!!!,2021-06-19,202843,14557,1795,Jun
419,Sylvester Stallone y los PESOS FALSOS!!!,2021-06-18,876129,22402,1629,Jun
420,Paulo Costa NO PELEA y quiere ser un HERMANO PAUL!,2021-06-17,201720,9149,711,Jun
421,ISRAEL ADESANYA est√° FUERA de la MATRIX!!!,2021-06-15,203150,11930,1375,Jun
422,Brandon Moreno y QUE VIVA M√âXICO KBR0NES!!!,2021-06-14,212949,17122,1265,Jun
423,"ADESANYA y MORENO bestiales, DURO NATE!",2021-06-13,146506,7463,747,Jun
424,ADESANYA BAJO de PESO y FIGUE casi en los HUESOS!,2021-06-12,154098,7262,608,Jun
425,A NATE D√çAZ lo van a MOLER!!!,2021-06-12,126004,7336,1209,Jun
426,Israel Adesanya vs Marvin Vettori 2 || UFC 263 PREDICCIONES,2021-06-11,140481,7541,926,Jun
427,RONDA ROUSEY DESTRUYE al FEMINISMO!!!,2021-06-10,363078,20680,1546,Jun
428,3 NINJAS 1 PELEA || Yair Rodr√≠guez VS Max Holloway,2021-06-10,111521,5537,704,Jun
429,ELLIOT PAGE trans con ABDOMINALES FALSOS???,2021-06-09,336751,12199,2028,Jun
430,LOGAN PAUL ESTABA ENORME porque DOPING!!!,2021-06-08,306625,14624,1184,Jun
431,Santiago Ponzinibbio RENDIRSE JAM√ÅS,2021-06-07,100198,9280,865,Jun
432,BIEN logan DECEPCIONANTE Floyd Mayweather,2021-06-07,245727,8782,884,Jun
433,Muhammad Ali vs  Antonio Inoki INTENTO de MMA y ALI al H0SPIT4L,2021-06-06,681606,10507,1263,Jun
434,Por qu√© KHABIB RECHAZ√ì los 100 MILLONES?,2021-06-05,196189,10129,1077,Jun
435,La TRISTE HISTORIA del peque√±o H√âRCULES,2021-06-04,448567,15439,725,Jun
436,Jake Paul vs. Tyron Woodley otra VERG√úENZA para las MMA???,2021-06-03,265407,10481,1359,Jun
437,CONOR McGREGOR est√° ACABADO???,2021-06-02,416046,17239,2033,Jun
438,El NI√ëO los HUMILLA a TODOS nuevamente!!!,2021-06-01,146992,7179,843,Jun
439,El CANELO ROB√ì a Erislandy Lara???,2021-05-31,119192,6904,1482,May
440,IBAI vs ESPINO para la OTRA! Y ten√≠an RAZ√ìN!,2021-05-30,228990,14349,1592,May
441,A CONOR McGREGOR cualquier otro BOXEADOR lo D3STR0ZA!,2021-05-29,194322,9826,1572,May
442,WOW las MMA en ESPA√ëA con Enrique 'Wasabi' y El bala,2021-05-28,31910,1264,108,May
443,Us√≥ EPO para un CORTE de PESO BRUTAL!,2021-05-28,158610,6789,600,May
444,CUANDO las MMA DESTRUYERON al BOXEO!!!,2021-05-27,103679,5683,1232,May
445,De REPARTIDOR de PIZZA a CANDIDATO al T√çTULO || Rob Font vs Cody Garbrandt,2021-05-26,88005,5526,521,May
446,Es LEBRON JAMES el MEJOR ATLETA de la HISTORIA???,2021-05-26,155999,9227,2444,May
447,DANA WHITE ODIA a Oscar de la Hoya pero GSP NO TIENE LA CULPA,2021-05-25,118537,5380,631,May
448,CAMPE√ìN de UFC derrotado por un DESCONOCIDO,2021-05-24,367044,13401,1198,May
449,Francis KONG VS Derrick ZILLA || La 2 PEGADAS m√°s DURAS de la UFC,2021-05-22,136866,7248,823,May
450,El REGRESO de PAULO COSTA frente a Jared Cannonier,2021-05-21,124806,6548,730,May
451,El BRUTAL CAMBIO de la MONTA√ëA para EDDY HALL,2021-05-20,319429,11118,544,May
452,DEBATE: PUEDE el CANELO GANAR en 10 SEGUNDOS? con @IQFight,2021-05-20,35952,1698,336,May
453,CANELO: Nadie Me Aguanta 10 Segundos En La CALLE!!!,2021-05-19,669089,28462,6901,May
454,El CULTURISTA m√°s GRANDE del MUNDO!,2021-05-19,134072,5184,439,May
455,El KO m√°s RARO de la HISTORIA!!!,2021-05-18,259703,9724,938,May
456,OLIVEIRA el RENACIDO le RESPONDE a CONOR! UFC 262 AN√ÅLISIS,2021-05-17,201461,10796,1241,May
457,TONY FERGUSON EST√Å ACABADO!?,2021-05-16,176181,9177,1417,May
458,F por TONY! Grande CHARLES,2021-05-16,129081,6102,351,May
459,El FINAL de TONY FERGUSON???,2021-05-15,162716,7957,1209,May
460,CONOR McGREGOR gan√≥ m√°s que RONALDO y MESSI en 2020!!!,2021-05-14,99708,6870,1677,May
461,El CANELO ARRUIN√ì la CARRERA de Billy Joe Saunders???,2021-05-13,827210,26066,2816,May
462,BASKET vs CULTURISMO || The Professor VS Kali Muscle,2021-05-13,64523,3892,344,May
463,Tess Holliday revela que es AN0R3X1K y YO que soy RUBIO!,2021-05-12,248402,20717,1794,May
464,JAKE PAUL TROLEA a FLOYD MAYWEATHER,2021-05-11,229384,11614,1032,May
465,PELEADOR ARGENTINO GANA 1 MILL√ìN y se lo quieren ROBAR,2021-05-11,359160,33090,3974,May
466,El BRUTAL CAMBIO F√çSICO de RUMBLE JOHNSON para BELLATOR!,2021-05-10,88705,4698,535,May
467,El CANELO PEGA con un YUNQUE!,2021-05-09,1008236,30237,2959,May
468,ESTO es una LOCURA! || DIEGO S√ÅNCHEZ NECESITA AYUDA,2021-05-09,175549,7834,836,May
469,Michael 'Venom' Page te deja la CARA de VOLDEMORT,2021-05-08,147296,5753,683,May
470,El CANELO vs CONOR Joe Saunders,2021-05-08,145319,8549,979,May
471,EDEN HAZARD se RIE del MADRID!!! DESAHOGO!,2021-05-07,152965,12151,1703,May
472,Kingdom || UNA SERIE muy BRUTAL de MMA,2021-05-07,77238,5337,662,May
473,El CAMPE√ìN no tiene que ESPERAR por NADIE || Israel Adesanya VS Marvin Vettori,2021-05-06,131142,6771,673,May
474,JAKE PAUL VA GANANDO en su JUEGO del HATE,2021-05-05,121660,7248,759,May
475,La FUERZA mas LOCA del MUNDO Kyriakos Grizzly,2021-05-05,147578,7069,692,May
476,DIEGO S√ÅNCHEZ DESTRUY√ì su propio LEGADO no la UFC,2021-05-04,146620,6436,655,May
477,NICK DIAZ entre MASVIDAL y CHIMAEV,2021-05-03,112428,5305,656,May
478,JIRI PROCHAZKA la NUEVA BESTIA de la UFC,2021-05-02,222347,10701,1102,May
479,FRANCIS NGANNOU y el MIEDO a la PEGADA,2021-05-02,160920,7394,836,May
480,JORGE MASVIDAL ATRAPADO 3 VECES con el mismo GOLPE,2021-05-01,139370,6240,627,May
481,DUSTIN POIRIER SOMETE al HOMBRE mas FUERTE del MUNDO (Brian Shaw),2021-04-30,292296,10445,958,Apr
482,TYSON FURY quiere PELEAR con FRANCIS NGANNOU,2021-04-29,140569,7430,1293,Apr
483,JON JONES ENORME (245 lbs) y la ENVIDIA de CHAEL SONNEN,2021-04-28,214615,10328,1126,Apr
484,El PODER de la ROSA! UFC 261,2021-04-27,263527,12900,1287,Apr
485,BRUTAL LEG KICK y PIERNA DORMIDA!!! UFC 261,2021-04-26,215754,7742,701,Apr
486,BRUTAL LES10N de Chris Weidman!,2021-04-25,316017,12792,1257,Apr
487,USMAN DESTRUYE a MASVIDAL || UFC 261 AN√ÅLISIS,2021-04-25,280860,14726,2750,Apr
488,Usman cumpli√≥ por KO,2021-04-25,151492,6097,747,Apr
489,Sin SUPER LIGA el FUTBOL se MUERE,2021-04-24,79557,7316,1770,Apr
490,EL PELEADOR AL QUE TEM√çA JORGE MASVIDAL (RESUBIDO),2021-04-24,174900,7440,624,Apr
491,UFC 261: Usman vs Masvidal 2 || PREDICCIONES,2021-04-23,153813,8996,1544,Apr
492,Directa con JUAN ESPINO y la pol√©mica RODILLA,2021-04-22,255267,7659,392,Apr
493,JORGE MASVIDAL y el ARTE de DECIR lo que te SALGA de los üîû!,2021-04-22,213923,12823,1074,Apr
494,DUSTIN POIRIER RECOGE CABLE y pide PERD√ìN por el BEEF a CONOR,2021-04-21,107937,6971,795,Apr
495,El WHITTAKER 2.0 puede vencer a ISRAEL ADESANYA?,2021-04-20,104851,6035,762,Apr
496,BEN ASKREN NO REPRESENTA a las MMA || CIRCO vs DEPORTE!,2021-04-19,156137,9083,1538,Apr
497,Le ROBARON a JUAN ESPINO???,2021-04-19,168281,10485,1397,Apr
498,JAKE PAUL HUMILLA A BEN ASKREN y a las MMA,2021-04-18,383921,16714,2395,Apr
499,Ben Askren es una VERG√úENZA,2021-04-18,174627,7379,924,Apr
500,M√°s de 1000 lbs en el PECHO! (1121 lb),2021-04-17,188377,8173,502,Apr
501,C√≥mo puede GANAR BEN ASKREN a JAKE PAUL?,2021-04-17,101261,5758,1015,Apr
502,AUTOC1RU614 de GINECOMASTIA y AUTOESTIMA,2021-04-16,244927,14429,1296,Apr
503,JAKE PAUL promete un KO en el SEGUNDO ASALTO!,2021-04-15,96360,4988,908,Apr
504,MIKE PERRY el TALENTO no EXISTE!!!,2021-04-15,114986,7064,629,Apr
505,"De CUBA a Bellator, Gustavo ""Cuban Assassin"" Trujillo",2021-04-14,63128,2664,209,Apr
506,CONOR McGREGOR predice un KO a lo SILVA,2021-04-14,120699,6456,804,Apr
507,CONOR McGREGOR vs DUSTIN POIRIER CANCELADA??? NUEVO DRAMA!!!,2021-04-13,136406,7767,852,Apr
508,La CA√çDA del PEQUE√ëO GIGANTE y la POL√âMICA RODILLA,2021-04-12,116072,5315,577,Apr
509,El BRUTAL CAMBIO F√çSICO de ANDY RUIZ,2021-04-11,579497,14123,869,Apr
510,PAYASO SIN REMEDIO Conor Murphy se TOMA su OR1N4,2021-04-11,102620,7643,1015,Apr
511,El VERDADERO JOKER de la UFC Quiere bajar de PESO || Marvin Vettori vs. Kevin Holland,2021-04-10,75979,3804,416,Apr
512,GSP le muestra a PAULO COSTA como se HACE!!! ENTRENAMIENTO INTELIGENTE,2021-04-10,238771,9974,724,Apr
513,LOCURA??? FRANCIS NGANNOU quiere PELEAR con FURY o JOSHUA!,2021-04-09,165212,7407,1491,Apr
514,CONNOR MURPHY y el BATIDO de PROTE√çNAS de HOMBRE,2021-04-08,212325,10640,1643,Apr
515,OTRA PAYASADA || ANDERSON SILVA vs JULIO CESAR CH√ÅVEZ jr.,2021-04-07,325833,9201,1352,Apr
516,CONOR vs POIRIER 3 YA EST√Å LISTA!,2021-04-06,146765,8645,1496,Apr
517,El REGRESO del GANGSTER (NATE D√çAZ),2021-04-05,139224,7362,867,Apr
518,JON JONES tiene MIEDO a FRANCIS NGANOU!!!,2021-04-04,186185,9500,1292,Apr
519,TRISTYN LEE y la DIETA KETO del 4%,2021-04-03,270855,12989,1132,Apr
520,KHABIB GANA por los CORTES de PESO!,2021-04-02,252134,9803,1255,Apr
521,ADESANYA PIERDE PATROCINIO con BMW por decir que V!0L4B4 a KEVIN HOLLAND,2021-04-01,128497,7345,1018,Apr
522,JAKE PAUL es un PAYASO y espero que GANE BEN ASKREN,2021-03-31,297227,13170,1540,Mar
523,"El CHEF ""NATURAL"" de La Casa Blanca",2021-03-30,183199,10010,796,Mar
524,Sean O'Malley le ense√±a COMO SE HACE a CONOR McGREGOR,2021-03-29,623241,11966,1065,Mar
525,FRANCIS pes√≥ 29 LBS M√ÅS que STIPE!!!,2021-03-28,146418,7740,1709,Mar
526,FRANCIS NGANOU es el HOMBRE mas PELIGROSO del MUNDO || UFC 260,2021-03-28,260430,12278,2111,Mar
527,DESCOMUNAL FRANCIS NGANOU,2021-03-28,117767,5275,850,Mar
528,Los TAKEDOWNS le dar√°n la VICTORIA a STIPE MIOCIC!!!?,2021-03-27,61212,3295,626,Mar
529,Por qu√© S4NGR4 LARRY WHEELS???,2021-03-27,479680,13631,689,Mar
530,Stipe Miocic vs Francis Ngannou PREDICCI√ìN,2021-03-26,111944,6827,1481,Mar
531,ROTURA DEVASTADORA de PECTORAL!,2021-03-25,847783,18623,1126,Mar
532,JORGE MASVIDAL esta vez no hay EXCUSAS!!!,2021-03-24,194660,7989,1001,Mar
533,Por qu√© ISRAEL ADESANYA ODIA a MONSTER???,2021-03-23,292506,12233,836,Mar
534,Las MMA en CUBA,2021-03-22,18992,1057,47,Mar
535,PAULO COSTA ENFERMO y los ENTRENADORES de PATIO,2021-03-22,131797,6711,713,Mar
536,CONOR McGREGOR NO PERDONA a KHABIB,2021-03-21,238201,11346,2147,Mar
537,Se RETIRA KHABIB ya es OFICIAL!!!,2021-03-20,146445,7391,1212,Mar
538,Tyson Fury VS Anthony Joshua || Firman 2 PELEAS,2021-03-20,81908,5909,727,Mar
539,JAN LIMPI√ì el PISO con ADESANYA y eso es un 10-8!!!,2021-03-19,87968,4792,699,Mar
540,TONY FERGUSON el √öLTIMO TREN!,2021-03-19,118140,7024,874,Mar
541,NADIE quiere PELEAR contra el KHABIB 2.0,2021-03-18,318625,10534,929,Mar
542,ISRAEL ADESANYA es un GRAN PERDEDOR!,2021-03-17,160234,9517,972,Mar
543,EYE POKE BRUTAL y GUANTES NUEVOS?,2021-03-17,353322,8896,776,Mar
544,JON JONES MOLER√çA a ISRAEL ADESANYA en los PESADOS,2021-03-16,160442,7513,861,Mar
545,STERLING HACE UN NEYMAR... Y QU√â???,2021-03-15,108291,5769,793,Mar
546,CONOR McGREGOR CAMBIA a GUARDIA de Muay Thai,2021-03-14,513479,14304,1119,Mar
547,APOSTAR 1 MILL√ìN a BEN ASKREN es una LOCURA!!! Jake Paul vs Ben Askren,2021-03-13,134076,6059,1196,Mar
548,El √öLTIMO MINUTO de tu VIDA!!! Kara France vs  Bontorin UFC 259,2021-03-12,94189,5848,429,Mar
549,JOE ROGAN el DINERO la INACTIVIDAD y CONOR McGREGOR,2021-03-12,100073,5484,633,Mar
550,El TAMA√ëO si IMPORTA || ADESANYA vs JAN,2021-03-11,104792,5823,997,Mar
551,PAULO COSTA quiere PELEAR contra FALLON FOX GRATIS!,2021-03-10,361279,17052,2183,Mar
552,El CHICO SYNTHOL DRENADO otra vez!,2021-03-09,550750,20518,1811,Mar
553,RODILLA ILEGAL y FALSO CAMPE√ìN Aljamain Sterling VS Petr Yan || UFC 259,2021-03-08,199698,8828,1685,Mar
554,INVICTHOR podcast #1,2021-03-07,78366,4879,256,Mar
555,UFC 259 AN√ÅLISIS || PRIMERA DERROTA DE ISRAEL ADESANYA || Bestial Jan Blachowicz,2021-03-07,688035,17765,3633,Mar
556,GRANDE JAN!!!!!!!!!!!!!!!!!!! PRIMERA DERROTA DE IZZY,2021-03-07,83075,4550,966,Mar
557,UFC 259 LA MEJOR CARTELERA de la HISTORIA es HOY!,2021-03-06,65564,4293,895,Mar
558,Khamzat Chimaev HACE un CONOR McGREGOR,2021-03-06,81249,4682,494,Mar
559,ADESANYA MINTI√ì || PESAJES OFICIALES UFC 259,2021-03-05,138831,7459,820,Mar
560,ADESANYA PESAR√Å 25lbs MENOS que JAN!!!,2021-03-05,108076,6152,1261,Mar
561,PAULO COSTA Y LA CULPA BORRACHA,2021-03-02,153879,8498,1313,Mar
562,Los ADOLESCENTES y la HGH,2021-03-01,175290,10538,857,Mar
563,El CANELO COMPRA a sus RIVALES,2021-02-28,175452,11622,2960,Feb
564,Israel Adesanya vs. Jan Blachowicz UFC 259 || Cr√≥nica de una muerte anunciada,2021-02-28,212591,9104,2085,Feb
565,Canelo √Ålvarez escoge sus rivales???,2021-02-27,44634,1588,113,Feb
566,DANA WHITE PIERDE 1 MILL√ìN en APUESTAS!!!,2021-02-27,78995,4417,585,Feb
567,¬°Campamento completo te QUITO la CABEZA! Las MATEM√ÅTICAS de MASVIDAL,2021-02-26,152077,7456,1347,Feb
568,Canelo √Ålvarez ESCOGE sus RIVALES!!!,2021-02-25,79318,6004,1124,Feb
569,La FIESTA de la JERINGUILLA || Alistair Overeem VS Brock Lesnar,2021-02-25,131438,5751,406,Feb
570,ERRORES en el ENTRENAMIENTO de PAULO COSTA,2021-02-23,137043,7949,1050,Feb
571,ISRAEL ADESANYA ENORME y SIN GINECOMASTIA!?,2021-02-22,198890,8914,876,Feb
572,La BESTIA NEGRA y OSCAR VALDEZ BRUTALES!!!,2021-02-21,88282,5470,622,Feb
573,JAKE PAUL vs NATE DIAZ para LLEGAR a MCGREGOR,2021-02-21,110151,5694,639,Feb
574,Los HOMBRES TAMBI√âN LLORAN GILBERT!,2021-02-20,101751,6970,679,Feb
575,Las CALF KICKS son DEVASTADORAS!,2021-02-19,159091,6516,580,Feb
576,USMAN RETA a MASVIDAL || Kamaru Usman VS Jorge Masvidal II,2021-02-18,115186,6287,831,Feb
577,LAZAR ANGELOV el SEMIDIOS SEMINATURAL,2021-02-18,208412,8851,795,Feb
578,Un TORNEO para YOEL ROMERO!,2021-02-17,105332,5935,719,Feb
579,"TRISTYN LEE BAJO EL 5%, PELIGROSO?",2021-02-16,564125,21016,2346,Feb
580,KAMARU EL RESPETO SE GANA NO SE EXIGE!,2021-02-15,94643,6364,1038,Feb
581,"KAMARU USMAN, ERES CAMPE√ìN POR TU JAB!!! UFC 258",2021-02-14,144301,8305,1043,Feb
582,SE TERMIN√ì EL CHICO BUENO!!! (Conor McGregor y Lo que los MALOS IGNORAN),2021-02-14,218377,10953,1168,Feb
583,FLOYD MAYWEATHER vs. LOGAN PAUL CANCELADA!!!,2021-02-13,159099,6636,708,Feb
584,Las RODILLAS del RETIRO!,2021-02-13,106727,5423,436,Feb
585,Gina Carano CANCELADA y fuera de THE MANDALORIAN,2021-02-12,92326,7011,1453,Feb
586,Kumail Nanjiani‚Äôs cambio BRUTAL para ETERNALS!!!  NATURAL???,2021-02-11,88879,4462,381,Feb
587,Kamaru Usman vs Gilbert Burns UFC 258 PREDICCI√ìN,2021-02-11,85528,5293,879,Feb
588,ESTOY DISPUESTO A MORIR || ISRAEL ADESANYA vs KELVIN GASTELUM,2021-02-10,578328,17502,1176,Feb
589,El HULK georgiano!!! Gen√©tica de BESTIA! RESUBIDO!,2021-02-09,1041536,10190,764,Feb
590,CONOR McGREGOR SE GANA O SE APRENDE,2021-02-09,94644,6583,645,Feb
591,MESSI ARRUIN√ì AL BARCELONA!!!,2021-02-08,212926,20245,2309,Feb
592,CONOR McGREGOR perdi√≥ su INSTINTO ANIMAL???,2021-02-07,151759,9570,1328,Feb
593,C√≥mo CRECER en YOUTUBE. La REALIDAD,2021-02-05,27473,1821,161,Feb
594,PAULO COSTA vs ROBERT WHITAKKER SER√Å UNA GUERRA!,2021-02-05,102016,5305,517,Feb
595,Los 3 MEJORES BOXEADORES de la UFC,2021-02-04,121061,7040,1282,Feb
596,RYAN GARC√çA VS MANNY PACQUIAO! MANNY no es un PAN!,2021-02-02,142281,7957,1164,Feb
597,El PELEADOR TESTOSTERONA || Vitor Belfort‚Äã!,2021-02-01,159279,6251,555,Feb
598,"CONOR McGREGOR vs DUSTIN POIRIER 3, Por el T√çTULO???",2021-01-31,137406,8196,1414,Jan
599,CONOR McGREGOR SUSPENDIDO por 6 MESES,2021-01-30,711664,17196,1078,Jan
600,JAKE PAUL vs BEN ASKREN OFICIAL!!!,2021-01-29,165750,7379,840,Jan
601,UN GUERRERO NUNCA SE RINDE!!!,2021-01-29,94901,6154,594,Jan
602,PAULO COSTA 2.0 || La NUEVA VERSI√ìN de COSTA!!!,2021-01-27,181879,7993,850,Jan
603,KHABIB NO VA A REGRESAR! || Se termin√≥ el SUE√ëO de Dana White,2021-01-26,213220,9721,1957,Jan
604,CONOR McGREGOR SI VUELVE!!! DECLARACIONES!,2021-01-25,185970,9876,1420,Jan
605,POIRIER DESTRUYE a CONOR McGREGOR || AN√ÅLISIS!,2021-01-24,693189,24424,3650,Jan
606,Dustin KO a CONOR McGREGOR,2021-01-24,207724,10481,1588,Jan
607,Conor McGregor vs. Dustin Poirier 2 PREDICCIONES,2021-01-23,134849,3899,286,Jan
608,NATE DIAZ REGRESA en 2021 || CONOR vs NATE 3???,2021-01-23,73998,4721,718,Jan
609,CONOR McGREGOR dio PESO DE CAMPE√ìN!!!,2021-01-23,191236,11192,1467,Jan
610,TODOS CONTRA KHABIB!,2021-01-22,159929,8558,1062,Jan
611,Analizando los RANKING de CONOR McGREGOR en VIVO,2021-01-21,57844,2457,137,Jan
612,El REY de los PESOS FALSOS! || Brad Castleberry,2021-01-21,357495,11798,517,Jan
613,El CASO del NI√ëO AUTISTA,2021-01-20,82922,10171,990,Jan
614,Conor McGregor PROMETE un KO en 60 SEGUNDOS,2021-01-20,156027,8989,1196,Jan
615,CONOR VS OLIVEIRA VS GAETHJE! UFC 257,2021-01-19,139068,6909,1163,Jan
616,Del KO a Ponzinibbio a la BRUTALIDAD de MAX!,2021-01-18,152291,7928,849,Jan
617,KHABIB sigue siendo el CAMPE√ìN (RESPUESTA A LA POL√âMICA),2021-01-17,158713,8480,1097,Jan
618,KHABIB vs CONOR McGREGOR 2 Casi listo! || DANA WHITE lo vuelve a HACER!!!,2021-01-16,223442,10945,1181,Jan
619,No me RENDIR√â con este CASCO!,2021-01-15,114453,7116,913,Jan
620,Los MEJORES KO de 2020 REACCI√ìN!!!,2021-01-15,107342,6978,425,Jan
621,Khabib Nurmagomedov vs Conor McGregor QU√â PAS√ì REALMENTE?,2021-01-14,1193862,22874,1828,Jan
622,Los ABS ‚ÄúFALSOS‚Äù de GERARD BUTLER en 300!,2021-01-13,364506,15426,1017,Jan
623,KHAMZAT CHIMAEV TIENE MIEDO!,2021-01-12,183655,10100,832,Jan
624,Conor McGregor vs. Dustin Poirier 2 || La √öNICA OPORTUNIDAD de POIRIER,2021-01-11,237803,10508,1645,Jan
625,SUSPENDIDO EDINSON CAVANI por decir NEGRIT....!!!!,2021-01-10,100974,9706,1609,Jan
626,El DUELO del ACEITE!!! || Illia Golem VS Craig Golias LOS MONSTRUOS DE LA MASA,2021-01-09,455313,12546,916,Jan
627,RYAN GARC√çA todav√≠a NO EST√Å LISTO PARA GERVONTA DAVIS,2021-01-08,193583,10930,1848,Jan
628,ISRAEL ADESANYA VA A SER DOBLE CAMPEON!,2021-01-07,125995,7452,1316,Jan
629,EL GRAN HATE al CANELO nace de un MEDIOCRE!,2021-01-06,420860,23455,4982,Jan
630,La BESTIA de 500 lb. que ASUSTABA a la NBA!,2021-01-05,1932517,30704,1004,Jan
631,RYAN GARC√çA GAN√ì por KO y TIENE CORAZ√ìN!!!,2021-01-03,249688,11363,1347,Jan
632,LOGAN PAUL ATACA al CANELO ALVAREZ,2021-01-02,705242,33196,3486,Jan
633,NO SEAS UN CLON || DESMOTIVACI√ìN DE A√ëO NUEVO,2020-12-31,128208,12595,1056,Dec
634,Arnold Schwarzenegger Vs Chris Bumstead || VIEJA ESCUELA VS NUEVA ESCUELA!,2020-12-30,292446,13243,1135,Dec
635,JEFF NIPPARD NATURAL O D0PAD0???,2020-12-29,98815,5732,719,Dec
636,Yoel Romero VS Anthony Johnson || CHOQUE DE TITANES!!!,2020-12-28,132605,5210,604,Dec
637,STIPE vs. FRANCIS vs. JONES || LOS PESADOS SE PRENDEN!!!,2020-12-27,155828,6654,935,Dec
638,La MUTACI√ìN de LA ROCA para BLACK ADAM,2020-12-26,586980,23501,1513,Dec
639,Floyd Mayweather VS Logan Paul || CIRCO EN EL BOX?!,2020-12-25,290540,8884,1141,Dec
640,YOEL ROMERO CUENTA toda la VERDAD de su DESPIDO,2020-12-24,242950,9138,780,Dec
641,MI MARCA DE ROPA,2020-12-23,60729,8205,1269,Dec
642,EL ABRAZO DE LA DERROTA ||  Jose Aldo vs Chito Vera.,2020-12-23,133158,6250,786,Dec
643,EL CANELO ES UNA BESTIA!!! Canelo Alvarez VS Callum Smith. (RESUBIDO),2020-12-22,141630,7176,1234,Dec
644,La PEGADA del CANELO LESIONA a Callum Smith!,2020-12-22,946698,19100,2479,Dec
645,GAN√ì EL GIGANTE EGIPCIO || RESUMEN DEL Mr. Olympia 2020,2020-12-21,528299,13111,877,Dec
646,YOEL ROMERO FIRMA CON BELLATOR Y TONY FERGUSON CORTADO?,2020-12-21,128000,5958,591,Dec
647,Pain & Gain || D0P4D0S Y EST√öPIDOS!,2020-12-20,242234,14421,2282,Dec
648,La PELEA con m√°s HATE del A√ëO!!! || Colby Covington VS Jorge Masvidal,2020-12-19,116145,5827,646,Dec
649,CONOR McGREGOR vs JAKE PAUL por 50 MILLONES!?,2020-12-18,351490,14062,1577,Dec
650,IBRA y CRISTIANO HUMILLAN a los J√ìVENES.,2020-12-17,295421,18348,1303,Dec
651,EL FUTURO DE LA UFC!!!,2020-12-16,96874,5190,572,Dec
652,CONOR VS KHABIB VS OLIVEIRA!!! Qui√©n ser√° el pr√≥ximo CAMPE√ìN???,2020-12-15,102979,6200,1037,Dec
653,SUSPENDIDO!!!! YAIR RODR√çGUEZ vs USADA!!!,2020-12-14,336043,6119,527,Dec
654,Deiveson Figueiredo SALI√ì EN CAMILLA!!! UFC 256 La PELEA del A√ëO???,2020-12-14,397371,10931,1205,Dec
655,DIRECTO CON IRON Masters,2020-12-13,68554,3932,220,Dec
656,TONY FERGUSON EST√Å ACABADO???,2020-12-13,277624,11408,2075,Dec
657,EL KO M√ÅS R√ÅPIDO DE LA HISTORIA!!!,2020-12-12,117180,8580,874,Dec
658,Marvin Vettori RETA A PAULO COSTA!!!,2020-12-11,90537,4824,499,Dec
659,CR√çTICA a JORGE TABET!!!,2020-12-10,283175,17445,1019,Dec
660,DANA WHITE DESPIDI√ì A ROMERO y FALTAN OTROS 59!!!,2020-12-09,111661,6103,826,Dec
661,TRISTYN LEE S√öPER DEFINIDO!!! DEBES COMPETIR SIENDO ADOLESCENTE?,2020-12-08,219107,11420,961,Dec
662,KHABIB REGRESA... POR DINERO???! 100 MILLONES!!!,2020-12-07,139144,7280,1004,Dec
663,EDEN HAZARD UN DESPERDICIO DE TALENTO!!!,2020-12-06,233791,13680,1246,Dec
664,BOMBAZO!!! YOEL ROMERO FUERA DE LA UFC!!!,2020-12-05,176872,8687,932,Dec
665,MIRKO CRO COP US√ì HGH y a√∫n as√≠ SALI√ì LIMPIO!!!,2020-12-05,76064,3797,401,Dec
666,CONOR McGREGOR Y LA CARA DE LA MUERTE!,2020-12-04,276827,14982,1117,Dec
667,Christopher Hemsworth NATURAL o D0P4D0 || THOR HACE DE HULK!!!,2020-12-03,465393,14963,1130,Dec
668,Jake Paul vs  Nate Robinson || LOS YOUTUBERS SALVAR√ÅN AL BOXEO?,2020-12-02,198945,9463,1109,Dec
669,Mike Tyson vs Evander Holyfield 3 || La MORDIDA m√°s FAMOSA de la HISTORIA!,2020-12-01,91033,4607,591,Dec
670,LA MUTACI√ìN DE JON JONES!!!,2020-11-30,235308,9584,778,Nov
671,MIKE TYSON VS  ROY JONES JR || TYSON PROMETE REGRESAR!,2020-11-29,735762,14835,1707,Nov
672,Mike Tyson vs Roy Jones Jr. PREVIA en VIVO!!!,2020-11-28,171871,2580,219,Nov
673,MIKE TYSON REGRESA HOY!!! || MIKE TYSON VS. ROY JONES JR,2020-11-28,123155,6254,704,Nov
674,POR QU√â NO ME GUSTA PELEAR! || GSP,2020-11-27,210474,10668,765,Nov
675,BRUCE LEE NATURAL O D0P4D0???,2020-11-26,110486,8457,1034,Nov
676,DIRECTO CON RENE ZZ,2020-11-26,136454,7867,371,Nov
677,MAESTROS DEL BJJ || Tony Ferguson VS Charles Oliveira,2020-11-25,127335,5515,763,Nov
678,DE PELUQUERO A CAMPE√ìN DE LA UFC || Deiveson Figueiredo,2020-11-24,90019,6050,625,Nov
679,COMO DESTRUIR TU CARRERA || MIKE PERRY,2020-11-23,201211,8817,716,Nov
680,EL REGRESO DE CALUM VON MOGER! A ENTRENAR ESPALDA!,2020-11-22,163478,5889,500,Nov
681,EL REGRESO DE KHABIB PARA UN 30-0???,2020-11-21,93276,5919,621,Nov
682,LAS 5 VICTORIAS MAS IMPORTANTES DE CONOR McGREGOR,2020-11-20,113359,7442,528,Nov
683,"CONNOR MURPHY, DESINFLADO, CALVO Y LOCO",2020-11-19,542767,19637,1738,Nov
684,Conor McGregor || HAY QUE ATRAVESAR LA TORMENTA PARA VER EL SOL!,2020-11-18,201433,12606,957,Nov
685,NUNCA PELEES EN DESVENTAJA!,2020-11-17,120173,8399,768,Nov
686,CONOR McGREGOR SER√Å CAMPE√ìN DE LAS 155 lbs || FIRMADO PARA ENERO!!!,2020-11-16,106607,7003,967,Nov
687,"OTRO ERROR de TONY FERGUSON, RETA A Michael Chandler",2020-11-15,112741,6523,1026,Nov
688,Los TATUAJES en la UFC,2020-11-14,108498,6783,1301,Nov
689,BROOKE ENCE NATURAL O D0P4d4,2020-11-13,209780,9455,1121,Nov
690,El REGRESO de PAULO COSTA || Robert Whittaker VS Paulo Costa???,2020-11-12,124928,5505,655,Nov
691,Los 2 HIJOS de ARNOLD || DISCIPLINA VS NIHILISMO,2020-11-11,1223095,48049,2893,Nov
692,OTRO VIEJO DURO || Glover Teixeira vs. Thiago Santos,2020-11-10,65126,3967,572,Nov
693,La CULPA es de MAR√çA seg√∫n ISRAEL ADESANYA,2020-11-09,125501,6392,1066,Nov
694,CONOR McGREGOR VA POR EL CINTUR√ìN EN ENERO???,2020-11-08,87516,5403,1058,Nov
695,PAULO COSTA SIGUE LLORANDO,2020-11-07,225759,7524,976,Nov
696,UFC 254 || Robert Whittaker y la GUARDIA BAJA,2020-11-06,81677,4298,646,Nov
697,La ROCA y su HISTORIA de GINECOMASTIA,2020-11-05,452415,12124,835,Nov
698,ISRAEL ADESANYA SE VA A LAS 205 || A por el DOBLE CAMPEONATO!,2020-11-04,106583,6693,850,Nov
699,Un NI√ëO VENCE a la BESTIA LARRY WHEELS,2020-11-03,478435,18011,2327,Nov
700,JON JONES es el MEJOR y a LLORAR A MATERNIDAD!,2020-11-02,193274,10496,2854,Nov
701,UFC 254 || KHABIB GAN√ì LESIONADO,2020-11-01,163997,9362,1197,Nov
702,Se RETIRA un GOAT,2020-10-31,56684,1742,175,Oct
703,Leon Edwards ENTRE LA ESPADA Y Chimaev || La UFC juega SUCIO,2020-10-31,134333,6213,1028,Oct
704,"Los ABDOMINALES ""FALSOS"" de Eddie Hall",2020-10-30,597238,20316,1214,Oct
705,Por qu√© KHABIB es un TOP 5 HIST√ìRICO???,2020-10-29,312949,12650,2675,Oct
706,CONOR McGREGOR TIENE LA DIVISI√ìN EN SUS MANOS,2020-10-28,124577,8145,1565,Oct
707,UFC 254 || Los ERRORES de JUSTIN GAETHJE,2020-10-27,160512,6744,1447,Oct
708,"La CULPA no es de GAETHJE, es de KHABIB!",2020-10-26,249049,11993,2090,Oct
709,AN√ÅLISIS DEL UFC 254 || KHABIB ES UNA BESTIA!,2020-10-25,263376,11777,1776,Oct
710,UFC 254 Khabib DUERME a Gaethje || RESUMEN Y AN√ÅLISIS en CALIENTE,2020-10-25,261940,10778,2000,Oct
711,UFC 254: Khabib vs Gaethje,2020-10-24,172711,5230,476,Oct
712,UFC 254 || ESC√ÅNDALO! KHABIB FALL√ì EL PESO?,2020-10-24,269215,9783,1663,Oct
713,PREDICCIONES,2020-10-23,60134,3157,339,Oct
714,UFC 254 || KHABIB y EL PLAN de su PADRE sin su PADRE,2020-10-23,109567,7210,900,Oct
715,Conor McGregor sigue traumado con KHABIB,2020-10-22,206560,12104,2377,Oct
716,UFC 254 || El PLAN MAESTRO para VENCER a KHABIB,2020-10-21,142654,8248,1466,Oct
717,TONY FERGUSON est√° ACABADO seg√∫n KHABIB,2020-10-19,143232,7414,1176,Oct
718,"KHABIB ""NI POR 5000 MILLONES PELEO CONTRA CONOR McGREGOR!!!""",2020-10-18,250922,10952,1132,Oct
719,Deber√≠a REGRESAR Nick Diaz???,2020-10-17,192959,9094,1297,Oct
720,Los FALSOS LIMITES NATURALES si han CAMBIADO,2020-10-15,151265,10030,1072,Oct
721,Israel Adesanya NATURAL o D0P4D0,2020-10-13,111977,6787,900,Oct
722,IOWA,2020-10-12,22003,1633,135,Oct
723,SIMPLEMENTE BESTIAL!!! Joaquin Buckley el NINJA!,2020-10-12,146750,6324,765,Oct
724,La MEJOR PELEA de la HISTORIA? Jon Jones vs Israel Adesanya!!!,2020-10-11,640833,11920,2009,Oct
725,McGREGOR es el Justin Bieber de las MMA,2020-10-10,83391,6820,1389,Oct
726,El REGRESO de CONOR MCGREGOR,2020-10-09,216821,10544,1188,Oct
727,PAULO COSTA NATURAL O D0P4D0,2020-10-08,164877,9061,1417,Oct
728,COLBY MUELE A LeBron James. No se ENGA√ëEN m√°s!!!,2020-10-05,193187,11896,1973,Oct
729,UFC 253 || REVELADO el PROBLEMA de Paulo Costa,2020-10-04,228752,9584,1979,Oct
730,McGregor vs Poirier REVANCHA √âPICA!!!,2020-10-03,134056,6957,919,Oct
731,La PELEA con m√°s HATE de la UFC || MASVIDAL VS COLBY,2020-10-02,184302,8172,1400,Oct
732,UFC 253 || PAULO COSTA a LLORAR a MATERNIDAD,2020-10-01,236495,11103,1636,Oct
733,La √öLTIMA PERRETA de Conor McGregor || Pelear con DIEGO S√ÅNCHEZ,2020-09-30,127272,6469,1289,Sep
734,UFC 253 || La GINECOMASTIA de Israel Adesanya,2020-09-29,276540,11438,2107,Sep
735,UFC 253 || PAULO COSTA el bully HUMILLADO,2020-09-28,426425,14281,2055,Sep
736,UFC 253 || La CULPA no es de PAULO COSTA,2020-09-27,746872,19384,2999,Sep
737,QUIR√öRGICO!!! EL MISMO GOLPE QUE A Robert Whittaker! || UFC 253,2020-09-27,226996,11369,2055,Sep
738,ADESANYA ES UNA BESTIA || UFC 253,2020-09-27,181836,8730,933,Sep
739,UFC 253 || COSTA Y ADESANYA se ven las CARAS. Qui√©n GANA el juego PSICOL√ìGICO?,2020-09-26,85324,5864,991,Sep
740,PREDICCIONES en VIVO,2020-09-26,53647,4450,380,Sep
741,ADESANYA le TIRA la CINTA en la CARA a COSTA || UFC 253,2020-09-25,150257,8590,1001,Sep
742,GOLPES GANADORES para PAULO COSTA || UFC 253,2020-09-25,87878,5000,781,Sep
743,Israel Adesanya vs. Paulo Costa en los fr√≠os N√öMEROS || UFC 253,2020-09-24,168529,7039,1218,Sep
744,El REY de los FALSOS NATURALES,2020-09-23,514413,23320,1657,Sep
745,PAULO COSTA NO est√° INVICTO || Su peor enemigo es el CARDIO,2020-09-22,118987,5899,964,Sep
746,TYRON WOODLEY HUMILLADO NUEVAMENTE,2020-09-21,137096,6810,843,Sep
747,17 SEGUNDOS KO!!!!! BESTIAL Khamzat Chimaev,2020-09-20,211151,9492,1136,Sep
748,UFC Vegas 11 (Colby Covington vs Tyron Woodley): PREDICCIONES,2020-09-19,53884,3391,580,Sep
749,4 PELEAS BESTIALES un s√°bado gigante! || UFC Vegas 11: Colby Covington vs. Tyron Woodley,2020-09-18,83988,5120,681,Sep
750,La BRUTALIDAD de COSTA destruye la T√âCNICA de Uriah Hall,2020-09-17,214574,7301,775,Sep
751,"V√çCTOR BLUD, NATURAL o DOPADO???",2020-09-16,334923,9901,1086,Sep
752,USADA va a por PAULO COSTA y CONOR McGREGOR ya est√° LIBRE!,2020-09-15,183363,6880,745,Sep
753,C√≥mo VENCER a un GIGANTE??? || Brock Lesnar vs Cain Velasquez,2020-09-14,107796,6010,690,Sep
754,Conor McGregor fue apresado NUEVAMENTE y otra MALA NOTICIA,2020-09-13,140816,10466,1563,Sep
755,SIMPLEMENTE DEVASTADOR!!!,2020-09-12,135302,6506,750,Sep
756,Los CORTES DE PESO m√°s BRUTALES,2020-09-11,181587,7815,533,Sep
757,La DERROTA m√°s DEVASTADORA de Israel Adesanya,2020-09-10,86325,4574,634,Sep
758,GORDOS PERO DUROS || TOP 3,2020-09-06,127235,5506,665,Sep
759,S√öPER PELEAS que NUNCA veremos!!!,2020-09-05,102482,4709,831,Sep
760,El REGRESO de la BESTIA || Brock Lesnar,2020-09-04,141623,7213,867,Sep
761,Los IMPLANTES ABDOMINALES del CHINO MAIDANA,2020-09-03,742457,23041,2922,Sep
762,Jorge Masvidal vs. Nate Diaz II. El BMF de vuelta!!!,2020-09-02,117462,5242,886,Sep
763,Dustin Poirier vs Tony Ferguson NO lo s√© RICK! || Dustin Poirier vs Conor McGregor REVANCHA,2020-08-31,103007,5484,743,Aug
764,PAULO COSTA NUNCA SUBESTIMES AL RIVAL || UFC 253,2020-08-30,185552,7664,1391,Aug
765,JON JONES CAMPE√ìN de los HEAVYWEIGHTS???,2020-08-29,118592,5682,744,Aug
766,TRANSFORMACI√ìN de Leon Goretzka || NATURAL???,2020-08-28,603364,24085,2515,Aug
767,La T√âCNICA VENCE al M√öSCULO || Israel Adesanya UFC 253,2020-08-27,125969,6114,755,Aug
768,Con PATADAS no le GANAS a KHABIB || UFC 254,2020-08-26,228274,8540,1192,Aug
769,C√ìMO ESCAPAR DEL Crucifix?,2020-08-25,75100,4801,453,Aug
770,PAULO COSTA y COMO PERDER 35lbs en 5 D√çAS || UFC 253,2020-08-24,146501,7850,873,Aug
771,Sean O'Malley A LLORAR A MATERNIDAD,2020-08-23,246201,14165,1755,Aug
772,JUSTIN GAETHJE tiene el SECRETO para vencer a KHABIB,2020-08-22,189808,7891,1502,Aug
773,Jon Jones deja VACANTE el T√çTULO || Dominick Reyes VS Jan Blachowicz por el CINTUR√ìN || UFC 253,2020-08-21,77184,4376,619,Aug
774,Los M√öSCULOS no importan si NO los SABES USAR || Israel Adesanya vs. Paulo Costa || UFC 253,2020-08-20,237058,10012,1115,Aug
775,KHABIB VS CONOR II m√°s cerca que NUNCA! UFC 254,2020-08-19,123219,6898,1185,Aug
776,Por qu√© SEAN OMALEY nunca ser√° CAMPE√ìN?,2020-08-18,189776,9838,1507,Aug
777,El MEJOR CAMPE√ìN con la PEOR GEN√âTICA || Stipe Miocic UFC 252 (RESUBIDO),2020-08-17,216725,8668,835,Aug
778,CHITO VERA QUEBR√ì a Sean O'Malley || UFC 252,2020-08-17,354421,13036,1554,Aug
779,UFC 252 RESULTADOS || Gan√≥ bien CHITO?,2020-08-16,184387,8928,1829,Aug
780,Emisi√≥n en directo de Green Fits,2020-08-15,41760,3221,221,Aug
781,C√ìMO va a GANAR STIPE MIOCIC? || Cormier vs. Miocic UFC 252,2020-08-15,59404,3328,676,Aug
782,C√ìMO VA A GANAR DC? || Cormier vs. Miocic UFC 252,2020-08-14,58077,3625,624,Aug
783,TOP 3 ERRORES ARBITRALES de este A√ëO!,2020-08-13,63300,3755,391,Aug
784,Las MANOS mas PESADAS de la UFC? RECORD DE KOS!,2020-08-12,67039,3956,448,Aug
785,SALV√ì a su HERMANA y le regalan un CINTUR√ìN,2020-08-11,177847,16513,1600,Aug
786,Por qu√© GSP es una BESTIA y no lo SAB√çAS!,2020-08-10,183562,8024,749,Aug
787,HAZARD el PEOR fichaje del REAL MADRID,2020-08-08,144836,12518,2081,Aug
788,Knockouts que DESTRUYERON CARRERAS,2020-08-06,480728,11842,1039,Aug
789,R.I.P LUKE SANDOE,2020-08-04,78061,7310,812,Aug
790,Conor McGregor vs Manny Pacquiao es POSIBLE?,2020-08-04,75252,4453,841,Aug
791,MASVIDAL MOLI√ì a USMAN en la DISTANCIA,2020-08-03,229319,8764,1461,Aug
792,DET√âN LA PELEA! Los gritos de DAN HARDY,2020-08-02,148083,6724,678,Aug
793,MASVIDAL VS CONOR record de pay per view (PPV),2020-08-01,103197,5325,770,Aug
794,Mi √∫nico PLAN DE PELEA es APLASTAR A TODOS || Khamzat Chimaev,2020-07-31,165240,6763,925,Jul
795,Khabib Nurmagomedov VS Justin Gaethje UFC 254 || y GSP para CERRAR,2020-07-30,131695,6886,1621,Jul
796,NUNCA BAJES LA GUARDIA,2020-07-29,68162,4378,561,Jul
797,El REGRESO de MIKE TYSON es un hecho!,2020-07-28,211905,8353,1389,Jul
798,El mejor PESO PESADO de la HISTORIA? || UFC 252,2020-07-27,84195,5136,1063,Jul
799,El REGRESO de KHABIB,2020-07-26,106436,6419,816,Jul
800,C√≥mo puede GANAR PAULO COSTA? || UFC 253,2020-07-25,177186,6233,1010,Jul
801,SIGUE el DILEMA de los PESOS FALSOS de Jeff Cavaliere,2020-07-24,574970,22606,1955,Jul
802,MOLIENDO las PIERNAS del rival TOP 3,2020-07-22,116650,5051,676,Jul
803,Sean O'Malley vs Marlon Vera || El regreso del JOKER,2020-07-21,218705,7523,956,Jul
804,Israel Adesanya vs Paulo Costa || El francotirador VS La BESTIA,2020-07-20,215445,7299,1413,Jul
805,VICTORIA del BJJ y otras cosas FEAS,2020-07-19,67562,4647,524,Jul
806,La novia de HULK en la MMA|| Gabi Garc√≠a,2020-07-18,107491,4360,803,Jul
807,HUESOS hay un nuevo PERRO en el patio! || REACCI√ìN A Jiri Prochazka,2020-07-16,103350,4581,640,Jul
808,Petr Yan es un FUERA DE SERIE || An√°lisis UFC 251,2020-07-15,205883,6814,990,Jul
809,As√≠ dejaba las PIERNAS de sus RIVALES || Homenaje a JOS√â ALDO,2020-07-14,673511,14705,1481,Jul
810,El GRAN PROBLEMA de las TOALLAS en la UFC,2020-07-13,2682888,24488,1272,Jul
811,UFC 251 REACCI√ìN || ROBO a HOLLOWAY??? || Que BESTIA Jiri Prochazka,2020-07-12,115515,5441,1187,Jul
812,Le FALT√ì mucho a MASVIDAL || UFC 251 Primera REACCI√ìN,2020-07-12,160733,7629,2342,Jul
813,MIKE PERRY hace un McGREGOR,2020-07-11,70191,6974,1056,Jul
814,NUEVO FORMATO || JORGE MASVIDAL da el PESO!,2020-07-10,78642,8952,1455,Jul
815,UFC 251 || 3 T√çTULOS EN JUEGO,2020-07-10,76868,5111,685,Jul
816,Jorge Masvidal VS Kamaru Usman || PREDICCI√ìN,2020-07-09,144716,6424,1547,Jul
817,MASVIDAL tienes que salir a dar KO || UFC 251,2020-07-08,131173,7138,1251,Jul
818,"4 INVICTOS 1 PIERDE || KHABIB, COSTA, O'Malley o ADESANYA",2020-07-07,185035,7323,1152,Jul
819,C√≥mo VENCER a un GIGANTE? || La INCRE√çBLE estrategia de Stipe Miocic,2020-07-06,452285,11860,1102,Jul
820,Jorge Masvidal EL REEMPLAZO!!!? || La pelea del DINERO,2020-07-05,99831,6101,965,Jul
821,Qu√© pasa si se RETIRA KHABIB? CONOR se frota las manos!,2020-07-04,89718,4998,807,Jul
822,D. E. P. Abdulmanap Nurmagomedov || FALLECE EL PADRE DE KHABIB,2020-07-03,120392,8846,1048,Jul
823,VENTAJAS de ENTRENAR desde PEQUE√ëO,2020-07-03,104186,8904,823,Jul
824,KHABIB NO es un PELEADOR ABURRIDO!,2020-07-02,84104,5218,1097,Jul
825,C√≥mo Michael Bisping PERDI√ì la vista de una PATADA?,2020-07-01,391199,12767,965,Jul
826,Por qui√©n VOTA JORGE MASVIDAL?,2020-06-30,58090,5675,1350,Jun
827,MMA vs BOXEO una POL√âMICA ABSURDA,2020-06-29,162419,8785,1908,Jun
828,Las MMA no son una CARRERA? || Jorge Masvidal VS Dana White,2020-06-27,94070,4919,388,Jun
829,ESTO ES INACEPTABLE || 800 LB de press banca,2020-06-25,116211,11369,1023,Jun
830,Mike Tyson vs Jon Jones || BOXEO VS MMA?,2020-06-24,66891,4963,755,Jun
831,UN GUERRERO NUNCA SE RINDE?,2020-06-23,252769,11670,994,Jun
832,"LA BESTIA ENFERMA || Brock Lesnar, Diverticulitis y QU√çMICA",2020-06-22,118982,6448,536,Jun
833,La verdadera BESTIA de la UFC || PAULO COSTA en 230 lb (106Kg),2020-06-21,325609,9054,1100,Jun
834,CHOQUE DE TRENES || Yoel Romero vs. Uriah Hall,2020-06-20,103018,4830,981,Jun
835,Pelea de NINJAS || Zabit Magomedsharipov vs Yair Rodriguez,2020-06-18,145222,5634,977,Jun
836,LAS ARMAS SECRETAS DE CONOR MCGREGOR || Lo que no vemos,2020-06-17,213442,12807,996,Jun
837,UFC 251 LOCURA DE CARTELERA en la ISLA DE MORTAL KOMBAT,2020-06-16,91361,4999,554,Jun
838,Jeff Cavaliere PESOS FALSOS Y FALSO NATURAL?,2020-06-15,542996,27370,2599,Jun
839,NATE DIAZ ATACA A USMAN Y BURNS,2020-06-13,63023,3570,562,Jun
840,La UFC y DANA WHITE son unos LADRONES,2020-06-12,151164,9011,1341,Jun
841,Las 2 PEORES DERROTAS de JUSTIN GAETHJE,2020-06-11,171755,5801,694,Jun
842,EL BESTIAL KO de Sean O'Malley || AN√ÅLISIS,2020-06-10,143668,6210,698,Jun
843,Sean O‚ÄôMalley KO vs Cody Garbrandt KO || UFC 250,2020-06-09,81886,4351,614,Jun
844,BOMBA || CONOR DICE QUE SE RETIRA,2020-06-08,93582,6316,1298,Jun
845,UFC 250 RESULTADOS Y REACCI√ìN || Sean o'malley y Cody Garbrandt KO,2020-06-07,125579,5738,940,Jun
846,JORGE MASVIDAL TAMBI√âN PIDE SALIR DE LA UFC,2020-06-06,77121,4058,803,Jun
847,UFC 250 PREDICCIONES || AMANDA NUNES VS FELICIA SPENCER,2020-06-05,60350,3411,627,Jun
848,JON JONES DEJA VACANTE EL T√çTULO,2020-06-04,70412,3865,642,Jun
849,JON JONES PROTEGE SU CIUDAD,2020-06-03,64832,5644,682,Jun
850,JON JONES VS DANA WHITE,2020-06-01,96029,4252,463,Jun
851,MOLIERON A TYRON WOODLEY || KO por Lowkick,2020-06-01,116384,5164,604,Jun
852,UN PEQUE√ëO MENSAJE,2020-05-31,56741,6876,1120,May
853,HENRY CEJUDO EXPULSADO DE LOS RANKING || Esto es clickbait,2020-05-30,93014,6626,808,May
854,MIKE TYSON vs Wanderlei Silva en BKFC y 20 MILLONES!,2020-05-29,192191,7509,1122,May
855,Jorge Masvidal DISPARA a Colby Covington y Kamaru Usman,2020-05-28,67766,4119,647,May
856,Conor McGregor vs Kamaru Usman???,2020-05-27,89635,5002,968,May
857,La HISTORIA de los DOBLE CAMPEONES de la UFC,2020-05-26,131130,6141,732,May
858,JON JONES AMENAZA CON RETIRO || MONEY! MONEY! MONEY!,2020-05-25,78768,4712,759,May
859,Es CONOR McGREGOR  el MEJOR de la HISTORIA?,2020-05-24,108894,7594,2492,May
860,LA BESTIA DE BOYKA Habla de KIMIKA Y MMA || Martin Ford,2020-05-23,409865,13033,748,May
861,Khabib Nurmagomedov vs. Justin Gaethje || Qui√©n es MEJOR LUCHADOR? || MENSAJE DE KHABIB,2020-05-21,96337,4689,919,May
862,CHITO VERA HABLA DEL ROBO,2020-05-20,156297,8000,700,May
863,Alistair Overeem EST√Å DE VUELTA? || UFC Fight Night,2020-05-17,75667,4596,664,May
864,Conor McGregor le prende FUEGO a la DIVISI√ìN (RESUBIDO),2020-05-16,33477,2126,283,May
865,Francis Ngannou El HOMBRE m√°s PELIGROSO del MUNDO,2020-05-16,329074,14472,1918,May
866,CORAZ√ìN DE LE√ìN SMITH || MMA o CIRCO ROMANO?,2020-05-14,127900,7134,1107,May
867,UFC 249 || Justin Gaethje VS Tony Ferguson AN√ÅLISIS,2020-05-13,274823,8640,1533,May
868,KO en 20 SEGUNDOS || Francis Ngannou vs Jairzinho Rozenstruik || UFC 249,2020-05-12,179628,6438,909,May
869,Justin Gaethje La CLAVE de su VICTORIA || UFC 249,2020-05-11,116726,6391,934,May
870,"UFC 249 || Tony Ferguson vs. Justin Gaethje || Pena por TONY, GRANDE GAETHJE",2020-05-10,197611,9932,3009,May
871,UFC 249 RESULTADOS,2020-05-10,90747,6883,1437,May
872,UFC 249 PREDICCIONES || Tony Ferguson VS Justin Gaethje,2020-05-08,77345,4880,1054,May
873,UFC 249 || COMO VA A GANAR GAETHJE || Tony Ferguson VS Justin Gaethje,2020-05-07,95985,4483,1047,May
874,TODOS QUIEREN A CONOR || UFC 249 y 3 EVENTOS en 8 D√çAS!,2020-05-05,57806,3481,556,May
875,Los 501KG de la MONTA√ëA || Hafthor Bjornsson nuevo RECORD del MUNDO,2020-05-03,254526,9528,729,May
876,El RONALDINHO de las MMA || La ARA√ëA SILVA,2020-05-02,172036,7845,666,May
877,Los PELEADORES m√°s SUCIOS del MUNDO,2020-05-01,478924,11673,675,May
878,"Conor McGregor vs. Donald Cerrone || DONALD CERRONE ""NO QUER√çA ESTAR ALL√ç!""",2020-04-30,197146,6944,714,Apr
879,MIEDO por primera vez en JON JONES? || UFC 249,2020-04-29,114607,4753,676,Apr
880,El ganador de TONY vs GAETHJE va contra KHABIB!,2020-04-28,49098,2661,511,Apr
881,D0PING Y UFC,2020-04-27,89842,5315,718,Apr
882,CARAS DE PIEDRA || REACCI√ìN,2020-04-27,33238,1989,238,Apr
883,TOP 15 || LOS MEJORES F√çSICOS DE LA UFC,2020-04-25,131460,6285,832,Apr
884,NO al KHABIB vs GSP || El CORTE de PESO de TONY,2020-04-24,87922,4330,623,Apr
885,ROBINHO sobrevalorado? Hablemos de futbol,2020-04-23,18569,909,186,Apr
886,GSP EL MEJOR DE LA HISTORIA || Georges St-Pierre CARRERA,2020-04-22,315747,11190,986,Apr
887,Las L√ÅGRIMAS de MIKE TYSON,2020-04-21,98835,7336,525,Apr
888,"AS√ç ES CUBA, CONTADO por UN CUBANO",2020-04-21,152464,11786,1839,Apr
889,Alimentaci√≥n y entrenamiento,2020-04-20,28624,1541,87,Apr
890,Tony Ferguson and Justin Gaethje DIRECTO,2020-04-19,52220,1293,126,Apr
891,JON JONES se la devuelve a ADESANYA,2020-04-17,96339,4141,639,Apr
892,MOMENTOS KARMA UFC,2020-04-16,226421,10494,1056,Apr
893,Criar genios,2020-04-16,21192,1371,143,Apr
894,Las 7 BELLEZAS m√°s PELIGROSAS del MUNDO,2020-04-15,154437,7920,1584,Apr
895,El poder del DOPING || ANTES Y DESPU√âS DE USADA,2020-04-14,178049,6674,632,Apr
896,Sean O'malley y el veganismo,2020-04-13,33978,1225,118,Apr
897,LA PEOR PELEA DE ANTHONY SMITH || Un extra√±o en casa!,2020-04-13,104678,5722,623,Apr
898,Athlete Rankings,2020-04-13,26004,988,107,Apr
899,Ferguson VS Werdum PELEA POR EL PAPEL HIGI√âNICO!!!,2020-04-11,36443,3036,466,Apr
900,"Por qu√© el HATE a KHABIB? || Khabib vs. McGregor, qui√©n tuvo m√°s oportunidades?",2020-04-11,217029,9525,1846,Apr
901,UFC 249 Pospuesto NO CANCELADO! Un palo a la UFC,2020-04-11,48887,2667,362,Apr
902,Eddie Hall VS Haf√æ√≥r Bj√∂rnsson La GUERRA por los 501KG,2020-04-10,34406,2559,223,Apr
903,OFICIAL CANCELADO EL UFC 249 y otros temas,2020-04-10,20746,1122,135,Apr
904,Los 7 peleadores m√°s PELIGROSOS del MUNDO,2020-04-09,323253,12594,1894,Apr
905,Dana Defiende A Khabib,2020-04-09,17041,897,88,Apr
906,DANA WHITE y la ISLA de Mortal Kombat UFC 249,2020-04-08,55176,3121,392,Apr
907,ROBAN mi VIDEO VIRAL || SOMOS PICAROS || Ya todo est√° resuelto.,2020-04-07,87339,9196,1314,Apr
908,Oficial Tony Vs Gaethje UFC 249,2020-04-06,43705,1526,223,Apr
909,Dana White Demandado 10 Millones,2020-04-05,45595,1387,132,Apr
910,La BESTIA Pudzianowski De STRONGMAN a MMA,2020-04-05,135888,5497,413,Apr
911,Hablemos De Pol√≠tica!,2020-04-05,25894,1432,425,Apr
912,Conor Est√° Fuera,2020-04-04,33022,1598,157,Apr
913,Khabib Responde,2020-04-03,15782,1002,99,Apr
914,"Todos quieren DINERO || La CULPA no es de CONOR o KHABIB, son NEGOCIOS",2020-04-03,54192,3694,614,Apr
915,CONOR Merl√≠n || Conor McGregor sab√≠a el resultado del TONY vs KHABIB?,2020-04-02,78670,3870,501,Apr
916,"CM Punk, en qu√© PLANETA le ganar√≠a a BROCK LESNAR?",2020-04-01,204561,11158,2502,Apr
917,Pobrecito Jones ||  UFC y m√°s.,2020-03-31,34624,1461,151,Mar
918,"Jorge Masvidal, Justin Gaethje O KHABIB Y D√ìNDE??? D√ìNDE???",2020-03-31,55227,3358,652,Mar
919,No Es Miedo UFC 249,2020-03-30,45576,1391,137,Mar
920,La UFC busca UN REEMPLAZO para KHABIB || UFC 249?,2020-03-30,94520,4367,1029,Mar
921,Life In NY,2020-03-29,13681,781,61,Mar
922,7 PELEADORES que NO se RETIRARON a tiempo,2020-03-29,93424,4398,462,Mar
923,TODO sobre JON JONES (Video Integro),2020-03-28,85618,4519,610,Mar
924,Brock Lesnar  ‚ÄúEl Oso Polar‚Äù La BESTIA Enferma!,2020-03-27,721473,22652,1718,Mar
925,Brock Lesnar  ‚ÄúEl Oso Polar‚Äù La BESTIA de las MMA || SOBREVALORADO?,2020-03-26,127619,7375,634,Mar
926,La Mejor Cartelera De Todos Los Tiempos UFC 249,2020-03-26,22150,972,45,Mar
927,KHABIB est√° en RUSIA || Conor McGregor vs Justin Gaethje???,2020-03-25,60237,2957,361,Mar
928,Life Estoy Aburrido,2020-03-25,31430,1707,97,Mar
929,Life,2020-03-24,19890,1125,86,Mar
930,MENSAJE DE Conor McGregor PARA IRLANDA Y EL MUNDO,2020-03-24,110502,7795,708,Mar
931,PELEAR√çAS CON UN SOLO BRAZO? || Nick Newell || Voluntad VS Gen√©tica.,2020-03-23,41861,3214,336,Mar
932,Live || CONOR VS KHABIB 2 y m√°s.,2020-03-23,22484,1522,156,Mar
933,QUE SON LOS CORTES DE PESO? PELIGROS!üö®,2020-03-22,633238,21378,824,Mar
934,Las LOCURAS de LA ROCA || DISCIPLINA EXTREMA,2020-03-21,472150,23723,966,Mar
935,UFC 249 || C√ìMO Y D√ìNDE? RUSIA???,2020-03-20,53934,2982,312,Mar
936,AYUNO INTERMITENTE || Los beneficios || RESUBIDO!,2020-03-20,75942,5758,397,Mar
937,En Vivo,2020-03-19,19046,1998,215,Mar
938,La Biolog√≠a NO es G0RD0FOBICA,2020-03-19,55750,4771,374,Mar
939,ERES IGUAL DE EGO√çSTA QUE ELLOS,2020-03-17,42155,4587,535,Mar
940,COMPRA TUS DERROTAS,2020-03-17,57132,5826,411,Mar
941,Yao Ming || EXPERIMENTOS GEN√âTICOS,2020-03-16,58427,3901,320,Mar
942,CANCELADA Tyron Woodley vs Leon Edwards || REEMPLAZO Colby Covington?,2020-03-16,35725,1893,305,Mar
943,LA GEN√âTICA DE H√âRCULES || Miostatina,2020-03-14,437346,17762,827,Mar
944,La UFC SIGUE! UFC 249 Dice DANA que si! Pero a PUERTAS CERRADAS.,2020-03-13,43531,2750,275,Mar
945,ENTRENAR EN CASA Y LISTO ‚ö†Ô∏èü¶†ü¶†ü¶†,2020-03-13,64992,5228,636,Mar
946,"KHABIB, FEMINISMO Y JERARQU√çA",2020-03-13,216206,12806,1537,Mar
947,LA ILUSI√ìN DEL SUPERH√âROE || De HUEVOS a UVAS PASAS || MITO O REALIDAD,2020-03-11,232787,11927,636,Mar
948,YOEL no juegues a ser VICTIMA || UFC 248,2020-03-10,89234,6378,1131,Mar
949,UFC 248 Adesanya vs Romero || DE LO MEJOR A LO PEOR,2020-03-09,188636,9371,1340,Mar
950,UFC 249: Khabib vs. Ferguson || Rueda de prensa || PELEA CALLEJERA?,2020-03-08,252713,11349,1551,Mar
951,UFC 248 PREDICCIONES Y FACE OFF (Israel Adesanya vs. Yoel Romero),2020-03-07,70444,4023,782,Mar
952,"NO SOY EL √öNICO LOCO (Larratt, Dorian y otros nos hablan del D0P1NG)",2020-03-06,55885,3260,268,Mar
953,LA VENGANZA DE GSP (Georges St-Pierre) RESUBIDO,2020-03-06,56434,3381,275,Mar
954,POR QU√â ADESANYA ELIGI√ì A ROMERO?,2020-03-05,201044,6581,809,Mar
955,SOLO PATREON 4 La NeoEspa√±a,2020-03-04,27262,3523,1180,Mar
956,EL ULTIMO TREN DE YOEL ROMERO,2020-03-03,101851,4910,606,Mar
957,MATT 2.0 || DESAHOGO || SOLO PARA QUIENES NO LO CONOZCAN,2020-03-02,56094,6381,660,Mar
958,S√â TU PROPIO H√âROE,2020-03-01,145723,14701,976,Mar
959,JUSTIN GAETHJE vs CONOR MCGREGOR || El tapado!,2020-02-29,503340,6172,756,Feb
960,LA CULPA ES DEL TRAJE || Deontay Wilder vs. Tyson Fury II,2020-02-28,91291,4505,578,Feb
961,CUAL ES LA MEJOR GENETICA?,2020-02-27,247490,14173,1292,Feb
962,Deontay Wilder vs. Tyson Fury II An√°lisis,2020-02-26,108170,5683,774,Feb
963,"HENRY CAVILL, The Witcher y LOS CORTES DE PESO",2020-02-25,92665,5166,254,Feb
964,POR QU√â LA IZQUIERDA DE CONOR ES TAN TEMIDA?,2020-02-24,364233,13428,818,Feb
965,TRISTYN LEE 2.0,2020-02-22,277617,13560,1223,Feb
966,POR QU√â LOS J√ìVENES DE HOY SON D√âBILES?,2020-02-21,469579,22189,2233,Feb
967,El TRABAJO DURO no funciona,2020-02-20,212678,10738,1079,Feb
968,SHAWN RAY Y LOS GUR√öS DE LA KIMIK,2020-02-19,70842,4470,303,Feb
969,480 KG UNA BESTIALIDAD,2020-02-18,125661,8000,638,Feb
970,CONOR MCGREGOR VS NATE DIAZ || VICTORIA VEGANA,2020-02-17,115435,6171,785,Feb
971,NO TENGO ENERG√çA,2020-02-16,92398,9440,602,Feb
972,SER VEGANO NO TE HACE BUENA PERSONA,2020-02-15,77377,8091,1230,Feb
973,RUPTURAS,2020-02-14,58777,6852,452,Feb
974,G0RD0F0BI4 || LAGRIMAS DE COCODRILO,2020-02-13,214310,15545,1123,Feb
975,DE ISRAEL ADESANYA A BATMAN,2020-02-12,111405,7182,717,Feb
976,UFC 247 CRITICA A LOS JUECES,2020-02-12,42359,2898,639,Feb
977,JONES VS REYES UFC 247 || Primera reacci√≥n y opini√≥n,2020-02-10,119694,5954,1882,Feb
978,YOEL GANA EL PRIMER ROUND,2020-02-09,241094,6876,657,Feb
979,De algo vamos a morir PODCAST_2,2020-02-08,61275,4519,460,Feb
980,MASVIDAL VS USMAN (ERA NECESARIO?),2020-02-08,111411,4686,384,Feb
981,TODO APUNTA A UN KHABIB VS CONOR 2,2020-02-07,114739,6573,1867,Feb
982,JONES VS REYES VS ADESANYA || UFC 247,2020-02-05,63628,3488,557,Feb
983,100% CARN√çVORO Dieta de Moda || JOE ROGAN Y EL ABDOMEN INFLADO,2020-02-04,432134,12600,1115,Feb
984,MIS TAREAS + HOMBRO Y TRAPS,2020-02-03,76558,5598,457,Feb
985,LAS 3 ETAPAS DEL REGRESO DE CONOR,2020-02-02,200211,10628,649,Feb
986,Promoci√≥n a la obesidad PODCAST_1,2020-02-01,78462,6904,841,Feb
987,JON JONES ES INVENCIBLE?,2020-02-01,139824,6355,1574,Feb
988,Conor McGregor vs Cowboy Cerrone y un BUF√ìN,2020-01-30,88536,5254,467,Jan
989,EL SE√ëOR DE LA FUERZA,2020-01-30,66956,5033,397,Jan
990,MENTALIDAD DE MAMBA EN MI VIDA,2020-01-29,315307,16528,899,Jan
991,"QUERIDO HATER, TE EXPLICO ALGUNOS PUNTOS",2020-01-28,63387,6433,795,Jan
992,"Kobe Bryant - ""Mamba Out""",2020-01-27,118397,10764,760,Jan
993,Mi PROBLEMA con el FITNESS,2020-01-26,179548,12658,1103,Jan
994,Del REY LE√ìN a BOB ESPONJA,2020-01-26,213260,14619,1023,Jan
995,100 MILLONES para un KHABIB VS CONOR,2020-01-25,120009,6840,752,Jan
996,Israel Adesanya vs. Yoel Romero || CUIDADO CON EL VIEJO,2020-01-24,590346,10834,999,Jan
997,RUTINA DE BRAZOS (Biceps & Triceps) VLOG,2020-01-23,76620,6514,541,Jan
998,MESSI Y LA HGH || NATURAL?,2020-01-21,111652,7672,549,Jan
999,De CONOR a ZZ || Los que trabajan duro tienen un jard√≠n,2020-01-21,91472,8362,862,Jan
1000,McGregor vs Cowboy PREDICCIONES,2020-01-18,88347,5433,981,Jan
1001,McGregor vs Cowboy DOS FACTORES CLAVES,2020-01-18,80350,5297,528,Jan
1002,CU√ÅNTO GASTO EN COMIDA Y QU√â COMPRO?,2020-01-16,309296,24401,2052,Jan
1003,FEDE VALE UNA COPA,2020-01-15,66428,6084,474,Jan
1004,EL MEJOR PELEADOR DEL 2019,2020-01-14,376457,9904,853,Jan
1005,"CONOR MCGREGOR, LUCES Y SOMBRAS DE SU ENTREVISTA",2020-01-13,104310,5695,562,Jan
1006,NO CONFUNDAS ESTRUCTURA Y MASA CON HUESOS Y GRASA,2020-01-12,73466,5589,477,Jan
1007,CONOR Y EL RESPETO || LEWIS Y EL EGO EN LAS MMA,2020-01-09,75030,6709,601,Jan
1008,ADAMA TRAORE pesa MENOS que GRIEZMANN y lo MISMO QUE MESSI,2020-01-09,228281,11978,1279,Jan
1009,"EL REAL MADRID, LA MALA SUERTE Y LA MADRE DE LOS TOMATES",2020-01-08,39095,3798,492,Jan
1010,"ADAMA TRAORE, NATURAL? PESAS?",2020-01-06,422197,23289,2517,Jan
1011,ALGUNOS CAMBIOS,2020-01-03,46121,6360,838,Jan
1012,DESMOTIVACI√ìN DE A√ëO NUEVO,2020-01-01,78754,9999,801,Jan
1013,EL GYM ES UNA PRIORIDAD NO UN LUJO,2019-12-31,189444,12284,884,Dec
1014,Mohamed Ali y los CTE,2019-12-29,496442,25934,1730,Dec
1015,No todos los CUELLOS son iguales.,2019-12-28,77841,5907,576,Dec
1016,ALEX CARUSO y la HUMILDAD de JUGAR PARA GANAR,2019-12-26,110522,6049,371,Dec
1017,ESTE ISCO ES MARADONA || ESTO ES CLICKBAIT || CONSEJO PARA LOS TALENTOSOS,2019-12-25,85404,5571,612,Dec
1018,Es mejor una verdad dolorosa que una mentira √∫til.,2019-12-23,42818,4973,753,Dec
1019,ACTIVA EL MODO TIGRE,2019-12-22,225285,19205,1466,Dec
1020,EL FUTBOL ES EL UNICO DEPORTE LIMPIO II,2019-12-21,91994,5063,633,Dec
1021,EL FUTBOL ES EL UNICO DEPORTE LIMPIO,2019-12-20,141773,9583,1012,Dec
1022,VICTORIA DEL MUAY THAI || UFC 245 AN√ÅLISIS FINAL,2019-12-19,70776,3699,324,Dec
1023,BRUTAL TKO DE USMAN A COLBY,2019-12-17,90106,5014,702,Dec
1024,ICARUS PARTE 2,2019-12-15,47603,3903,250,Dec
1025,ICARUS PARTE 1,2019-12-15,78761,3911,238,Dec
1026,MASCULINIDAD T0XIC4,2019-12-14,318075,30247,2097,Dec
1027,LA COPIA CHINA VS LA PESADILLA NIGERIANA || UFC 245 PREDICCIONES,2019-12-14,64724,3205,455,Dec
1028,TODOS SE D0P4N,2019-12-13,186101,11912,1074,Dec
1029,EL PEOR CORTE QUE HE VISTO,2019-12-12,288045,10077,837,Dec
1030,"EL REGRESO DE McGregor || Conor McGregor VS Donald ""Cowboy"" Cerrone",2019-12-09,370404,6605,750,Dec
1031,LOS LIMITES GEN√âTICOS NO EXISTEN,2019-12-09,583881,23523,1409,Dec
1032,PREGUNTAS Y RESPUESTAS II,2019-12-04,62172,5666,370,Dec
1033,LA COPIA CHINA DE Conor McGregor,2019-12-03,196931,8138,902,Dec
1034,De la ROCA a LESNAR || ENTRENA PARA TU GEN√âTICA,2019-11-30,127310,8445,542,Nov
1035,Deontay Wilder vs  Luis Ortiz II AN√ÅLISIS,2019-11-29,40188,2694,340,Nov
1036,LA DIETA DEL GLADIADOR || The Game Changers,2019-11-28,86748,6297,667,Nov
1037,EL LADO OSCURO DE LA KIMIK,2019-11-27,146855,9165,450,Nov
1038,PREGUNTAS Y RESPUESTAS || Que entrenamiento recomiendas?,2019-11-26,59912,4853,310,Nov
1039,Deontay Wilder VS Luis Ortiz || LA BESTIA ECTOMORFA,2019-11-23,57338,3499,438,Nov
1040,NO ES TAN GRACIOSO,2019-11-20,470297,21276,1014,Nov
1041,LA REGLA QUE NADIE CUMPLE EN LA UFC,2019-11-19,383809,11486,819,Nov
1042,NATE D√çAZ SUPLEMENTOS Y KIMIK,2019-11-17,167625,7685,575,Nov
1043,INSTAGRAM VS REALIDAD,2019-11-16,257972,13936,802,Nov
1044,FRACASO,2019-11-13,142862,12876,786,Nov
1045,CORTES DE PESO y otras cositas,2019-11-12,98407,9275,938,Nov
1046,Zion Williamson Y los G0RD0S por GEN√âTICA,2019-11-11,155603,7135,534,Nov
1047,Cuando el JJB les gan√≥ a todos.,2019-11-08,535951,8904,1099,Nov
1048,Nate Diaz vs Jorge Masvidal || UFC 244,2019-11-06,318456,6895,725,Nov
1049,EL JOKER DE LA UFC,2019-11-02,245124,7420,705,Nov
1050,Por qu√© lo hacen?,2019-11-01,420724,19276,879,Nov
1051,El regreso de BEN ASKREN,2019-10-30,97946,4132,436,Oct
1052,SER D√âBIL ESTA MAL || PARTE 2,2019-10-29,109042,10046,459,Oct
1053,SER D√âBIL ESTA MAL || PARTE 1,2019-10-27,222322,19829,1237,Oct
1054,Yair Rodriguez VS Jeremy Stephens || UFC BOSTON,2019-10-25,127556,3245,475,Oct
1055,EL LADO OSCURO DE LA KIMIK,2019-10-23,163972,9193,598,Oct
1056,LA RUINA DEL MADRID Y LOS G0RD0S POR GEN√âTICA,2019-10-20,397559,24913,1918,Oct
1057,VEGANOS NATURALES Y SANTOS,2019-10-18,173101,10414,1219,Oct
1058,CRITICANDO MI F√çSICO,2019-10-17,243589,15657,897,Oct
1059,C√âLULAS MADRE Y LA RELATIVIDAD DEL DINERO,2019-10-15,135216,7398,642,Oct
1060,UFC M√âXICO || Yair Rodr√≠guez Y LOS MACHOS ALFA,2019-10-14,79545,4932,665,Oct
1061,100K,2019-10-12,38833,7533,1076,Oct
1062,LOCURA DE CICLO || LOS GURUS DE LA KIMIK,2019-10-10,417310,17509,1131,Oct
1063,UFC 243 || LOS M√öSCULOS NO SON TODO || Israel Adesanya OTRO FLACO DURO,2019-10-09,228977,9815,945,Oct
1064,UN NUEVO PERRO EN EL PATIO || Israel Adesanya CAMPE√ìN || UFC 243,2019-10-08,508534,10008,824,Oct
1065,UFC 243 Y EL MAS DURO DE LA HISTORIA,2019-10-05,109944,6087,468,Oct
1066,POR QU√â LOS MUELE? || ENTRENAMIENTO HARDCORE DE TONY,2019-10-03,834198,15746,1398,Oct
1067,LA VUELTA DEL CULTURISMO FEMENINO,2019-10-03,106362,6555,1598,Oct
1068,APRENDER A CAER,2019-10-02,82846,7731,646,Oct
1069,"KHABIB, PETA Y LOS OSOS",2019-09-30,142085,9758,906,Sep
1070,Harakiri del Culturismo || Mr Olimpia 2019,2019-09-27,161707,8574,587,Sep
1071,LA PESADILLA DE KHABIB || Tony Ferguson,2019-09-26,666786,17137,2272,Sep
1072,APOLOG√çA DE LA KIMIK,2019-09-23,128325,6846,518,Sep
1073,LA MEJOR GEN√âTICA DE LA HISTORIA,2019-09-23,182794,9277,591,Sep
1074,EL ASCENSO Y LA CA√çDA DE McGregor,2019-09-22,183065,9518,772,Sep
1075,LA RELATIVIDAD DE LA KIMIK || Devon Larratt after Denis Cyplenkov,2019-09-21,516953,13635,1311,Sep
1076,EFECTO KIMIK Y EL HOMBRE MAS R√ÅPIDO DE LA UFC,2019-09-20,352115,11741,976,Sep
1077,ESTILO VS FUERZA || Robert Whittaker VS Israel Adesanya || UFC 243,2019-09-17,84983,4516,435,Sep
1078,MOMENTOS KARMA MMA,2019-09-15,432058,19265,648,Sep
1079,EN DEFENSA DEL CULTURISMO,2019-09-12,166617,13268,1616,Sep
1080,ADI√ìS AL PRIMER MATAGIGANTES || Franco Columbu,2019-09-11,71403,4370,214,Sep
1081,"Tess Holliday , New York Y UN PANDA",2019-09-10,45346,6214,510,Sep
1082,EFECTO KHABIB 2.0 || Las declaraciones de un verdadero campe√≥n,2019-09-08,42685,3512,398,Sep
1083,LA √öNICA OPORTUNIDAD DE Poirier || UFC 242,2019-09-08,36689,2134,262,Sep
1084,DECEPCI√ìN KHABIB VS KHABIB || UFC 242,2019-09-07,69855,4156,810,Sep
1085,UFC 242 || KHABIB VS POIRIER || ENTRENOS Y ANALISIS,2019-09-06,55292,3385,279,Sep
1086,Gym Fails 2019,2019-09-05,883765,37107,1438,Sep
1087,TODOS TIENEN UN PLAN,2019-09-01,168190,14573,855,Sep
1088,LO PEOR DE LA INDUSTRIA DEL FITNESS,2019-08-31,105385,8244,524,Aug
1089,RESPETO || Max Holloway vs. Dustin Poirier || UFC 236,2019-08-29,167143,10865,675,Aug
1090,C√≥mo lo hizo? || LA IMPORTANCIA DEL CUELLO Y EL TRAPECIO || UFC 241,2019-08-26,390055,9286,429,Aug
1091,POR QU√â Khabib ES TAN DOMINANTE? || UFC 242,2019-08-25,230216,9285,965,Aug
1092,QU√â ES SER NATURAL?,2019-08-24,48216,4403,348,Aug
1093,ESTOY ESTANCADO,2019-08-23,63256,5238,421,Aug
1094,PARA QU√â SIRVE ESTUDIAR?,2019-08-22,143941,12778,879,Aug
1095,LOS FLACOS ROMPEN MIS PRON√ìSTICOS || UFC 241 ANALISIS,2019-08-20,96360,5217,540,Aug
1096,DADOS CARGADOS || UFC 241 || Yoel Romero VS Paulo Costa,2019-08-19,131194,5478,980,Aug
1097,UFC 241 || MESOMORFO VS MESOMORFO ||  Anthony Pettis vs Nate Diaz,2019-08-17,94536,4047,520,Aug
1098,Culpa sin rostro.,2019-08-16,98059,7968,1630,Aug
1099,Por qu√© CACER√çA DE BRUJAS?,2019-08-15,65393,7015,937,Aug
1100,SOLO PARA G0RD0S || Gen√©tica o Gula,2019-08-13,115569,9201,619,Aug
1101,QUE TIPO DE CUERPO TIENES?,2019-08-11,152979,11437,539,Aug
1102,MEJORES KO || ENERO - JULIO || REACCI√ìN,2019-08-09,134498,6408,313,Aug
1103,POTENCIAL GEN√âTICO,2019-08-09,508999,21377,885,Aug
1104,Sac√∫dete el polvo. || EL MEJOR PESO PESADO DE LA HISTORIA,2019-08-07,43645,3718,226,Aug
1105,SI TE ENOJAS PIERDES,2019-08-07,137870,11000,565,Aug
1106,PREGUNTAS Y RESPUESTAS 1 || MAMBA MENTALITY,2019-08-05,149653,13896,901,Aug
1107,SOBREENTRENAMIENTO y otras locuras,2019-08-04,382326,26085,2763,Aug
1108,ECTOMORFO vs ENDOMORFO,2019-08-03,46143,3783,408,Aug
1109,3 TIPS || MIS BRAZOS NO CRECEN,2019-08-02,112835,7222,398,Aug
1110,PORQUE NO BAJO DE PESO? || BALANCE CAL√ìRICO,2019-08-01,112843,8437,554,Aug
1111,GANAR MUSCULO Y PERDER GRASA ES IMPOSIBLE,2019-07-31,433552,22363,948,Jul
1112,CRISIS,2019-07-29,631490,21029,1117,Jul
1113,LAS ARTES MARCIALES MAS GOFFY DEL MUNDO.,2019-07-27,249616,12277,877,Jul
1114,UFC 240 Max Holloway VS Frankie Edgar la pesadilla de Hawaii || Cyborg VS Cyborg,2019-07-27,18255,1524,147,Jul
1115,ES JUSTO???,2019-07-25,54257,5499,1005,Jul
1116,TIENES QUE CAER!,2019-07-24,60935,7856,451,Jul
1117,EL DEPORTE MAS GUFFY DEL MUNDO,2019-07-23,77135,6210,430,Jul
1118,NOSOTROS SIEMPRE GANAMOS,2019-07-23,95469,6343,445,Jul
1119,Henry Cejudo llamada para AMANDA NUNES,2019-07-21,29567,2239,350,Jul
1120,SER NATURAL NO ES SER UN GATO MOJADO,2019-07-20,198384,15372,1234,Jul
1121,1ra MENTIRA SOBRE LAS KCAL || PORQUE NO CUENTO LAS CALOR√çAS,2019-07-18,242081,14157,689,Jul
1122,EFECTO KHABIB || LOS MEJORES SON LOS MEJORES,2019-07-17,643103,31314,1738,Jul
1123,ESTAS CHICAS SON MUUUCHO MAS FUERTE QUE TU,2019-07-13,65525,4779,602,Jul
1124,Strongman Robert Oberst DICE NO AL #PESO #MUERTO,2019-07-12,62626,4260,447,Jul
1125,TACKO FALL HACE LUCIR COMO BEBES A LOS JUGADORES DE LA #NBA,2019-07-10,113459,4686,338,Jul
1126,AL DURO Y SIN GUANTES,2019-07-07,339601,10201,1308,Jul
1127,A PRUEBA DE bullying. Porque todos los ni√±os deben de practicar JJB,2019-07-04,87723,9769,601,Jul
1128,QUE NO HACER SI ERES PRINCIPIANTE,2019-06-30,104972,7433,390,Jun
1129,#VOLUMEN O #DEFINICI√ìN,2019-06-27,292712,16080,995,Jun
1130,#UFC 239 Opini√≥n y predicciones,2019-06-26,19792,1739,247,Jun
1131,Hombre mas fuerte del mundo VS Power mas fuerte del mundo!,2019-06-23,165439,7363,548,Jun
1132,Que significa talento?,2019-06-20,281334,20877,1274,Jun
1133,NO ME PIDAN MAS MOTIVACI√ìN,2019-06-17,379455,33360,2134,Jun
1134,ESCOGE TUS INFLUENCIAS,2019-06-12,377809,15329,1160,Jun
1135,Powerlifting OPINI√ìN,2019-06-09,58151,4305,343,Jun
1136,LOS GORDOS TENEMOS LA MEJOR GEN√âTICA,2019-06-05,410620,22219,1560,Jun
1137,900 LB DE SQUAT Larry Wheels,2019-05-23,67982,4734,297,May
1138,GENERACION MICROONDAS,2019-05-16,126620,11612,775,May
1139,SUPER DEFINICION EN ADOLESCENTES || Bueno o Malo,2019-05-02,975880,19793,1382,May
1140,El ni√±o synthol contraataca,2019-04-26,183177,7602,542,Apr
1141,Culpa vs Responsabilidad,2019-04-24,58753,5682,163,Apr
1142,LA MARIHUANA Y EL GYM,2019-04-16,51751,2347,274,Apr
1143,LOCURA DE CICLO || UN A√ëO DE ESTEROIDES.,2019-04-10,1575269,42047,2121,Apr
1144,Mi forma preferida de entrenar los TRICEPS || SUPERSERIES,2019-04-07,25667,1626,51,Apr
1145,Ser√≠as Culturista? || PREGUNTAS Y RESPUESTAS,2019-04-03,44778,2587,98,Apr
1146,Los 3 Mejores personajes de MARVEL basados en CULTURISTAS,2019-04-01,50184,2395,86,Apr
1147,Gen√©tica VS Voluntad,2019-03-28,228567,17608,550,Mar
1148,Gordofobia III Soy Leyenda,2019-03-24,686459,22571,1851,Mar
1149,Vigorexia|| Sus 5 etapas|| GRANDE NO ES SUFICIENTE,2019-03-12,744851,32780,1532,Mar
1150,Arnold Classic 2019 Opini√≥n,2019-03-07,82145,3973,147,Mar
1151,Weider VS Fullbody -Por qu√© el m√©todo Dividido-,2019-03-03,56185,3363,278,Mar
1152,Joel Romero Reacci√≥n,2019-02-17,237137,6215,282,Feb
1153,La cuchara,2019-02-13,80135,5760,254,Feb
1154,85%,2019-02-08,31876,3078,74,Feb
1155,Gordofobia II   Tess Holliday,2019-02-04,158944,13126,723,Feb
1156,S√© diferente,2019-02-02,208286,12577,210,Feb
1157,Transfobia,2019-01-26,326084,23754,2100,Jan
1158,Abuso de esteroides en mujeres,2019-01-19,1362632,22625,1764,Jan
1159,Como tener la espalda de La Roca,2019-01-08,77274,4580,217,Jan
1160,Manual para pescar √©xitos.,2019-01-02,14028,1629,37,Jan
1161,Alphalete videographer application 2018,2018-12-29,3468,264,8,Dec
1162,SUPERAR UNA RUPTURA,2018-12-21,82911,8660,328,Dec
1163,MI TRANSFORMACI√ìN NATURAL,2018-12-13,563054,21861,1093,Dec
1164,√çdolos||DEJA DE FALLARTE A TI MISMO!,2018-12-06,75095,7384,153,Dec
1165,Disciplina,2018-11-28,372098,35213,1235,Nov
1166,La motivaci√≥n es basura,2018-11-19,145089,12807,422,Nov
1167,Como obtener un SIX PACK en 3 minutos || Los mejores ABS del mundo,2018-11-08,200268,17954,610,Nov
1168,Lesiones y HIIT || Como bajar de peso de forma efectiva.,2018-11-02,46209,3040,91,Nov
1169,Los 3 mejores ejercicios para ABS,2018-10-26,147639,9862,206,Oct
1170,Porqu√©s||MOTIVACION,2018-10-11,59299,6264,163,Oct
1171,Despertar a las 5:30 || Disciplina,2018-10-06,109015,8641,278,Oct
1172,7 Razones. La motivaci√≥n es basura.,2018-09-12,109407,8563,222,Sep
1173,Gordofobia,2018-08-06,283489,21361,1787,Aug
1174,Solo para gordos,2018-05-22,228835,13305,507,May
1175,EXCUSAS,2018-05-02,93724,6276,169,May
1176,Motivaci√≥n de a√±o viejo.,2018-01-16,43677,4002,112,Jan
1177,El Mejor Cardio Del Mundo.,2017-12-13,14571,1460,45,Dec
1178,Tambi√©n Puedes,2017-11-30,11209,1020,22,Nov
1179,Entrena,2017-11-11,18583,1486,33,Nov
1180,Como ser perfecto,2017-11-02,62452,4738,93,Nov
1181,Manual para vivir en serio,2017-10-28,44950,5351,205,Oct
1182,Mi Esposa Es Un Experimento,2017-10-20,23573,1235,92,Oct
